event_id,symbol,breakout_timestamp,direction,entry_price,returns_5bar,returns_10bar,pnl_5bar,trend_alignment,stopped
EURUSD_202408021200_up_000001,EURUSD,2024-08-02 12:00:00,up,1.08907,0.18364292469721888,0.1395686227698831,0.18364292469721888,against_trend,False
EURUSD_202409230700_down_000002,EURUSD,2024-09-23 07:00:00,down,1.1101,0.1891721466534538,0.17295739122600862,-0.1891721466534538,against_trend,False
EURUSD_202410010700_down_000003,EURUSD,2024-10-01 07:00:00,down,1.1114600000000001,-0.39497597754306185,-0.4750508340381276,0.39497597754306185,against_trend,False
EURUSD_202412051300_up_000004,EURUSD,2024-12-05 13:00:00,up,1.05666,0.010410160316474033,0.18454375106468668,0.010410160316474033,against_trend,False
EURUSD_202412051300_up_000005,EURUSD,2024-12-05 13:00:00,up,1.05666,0.010410160316474033,0.18454375106468668,0.010410160316474033,against_trend,False
EURUSD_202412100800_down_000006,EURUSD,2024-12-10 08:00:00,down,1.05374,-0.14140110463681663,-0.11767608708029571,0.14140110463681663,with_trend,False
EURUSD_202501201300_up_000007,EURUSD,2025-01-20 13:00:00,up,1.03977,-0.014426267347595573,0.22024101483981104,-0.014426267347595573,against_trend,False
EURUSD_202501240300_up_000008,EURUSD,2025-01-24 03:00:00,up,1.04458,0.4528135710046048,0.21444025349901583,0.4528135710046048,with_trend,False
EURUSD_202504090000_up_000009,EURUSD,2025-04-09 00:00:00,up,1.10145,0.42398656316673045,0.16705252167597837,0.42398656316673045,with_trend,False
EURUSD_202504090000_up_000010,EURUSD,2025-04-09 00:00:00,up,1.10145,0.42398656316673045,0.16705252167597837,0.42398656316673045,with_trend,False
EURUSD_202506020500_up_000011,EURUSD,2025-06-02 05:00:00,up,1.13792,0.31373031496063636,0.44906496062991663,0.31373031496063636,with_trend,False
EURUSD_202506111200_up_000012,EURUSD,2025-06-11 12:00:00,up,1.14602,0.32198390953037215,0.39528105966736377,0.32198390953037215,with_trend,False
EURUSD_202603082100_down_000013,EURUSD,2026-03-08 21:00:00,down,1.15468,-0.19226105934110652,0.1420306924862374,0.19226105934110652,with_trend,False
GBPUSD_202408060900_down_000014,GBPUSD,2024-08-06 09:00:00,down,1.27098,-0.03304536656751994,-0.14791735511181164,0.03304536656751994,with_trend,False
GBPUSD_202409111300_down_000015,GBPUSD,2024-09-11 13:00:00,down,1.30324,0.08287038457996762,0.038365918787018886,-0.08287038457996762,with_trend,False
GBPUSD_202409111300_down_000016,GBPUSD,2024-09-11 13:00:00,down,1.30324,0.08287038457996762,0.038365918787018886,-0.08287038457996762,with_trend,False
GBPUSD_202410010700_down_000017,GBPUSD,2024-10-01 07:00:00,down,1.33378,-0.14994976682811273,-0.5210754397276921,0.14994976682811273,against_trend,False
GBPUSD_202411211500_down_000018,GBPUSD,2024-11-21 15:00:00,down,1.26173,-0.1735712077861457,-0.23539109001132708,0.1735712077861457,with_trend,False
GBPUSD_202501020800_down_000019,GBPUSD,2025-01-02 08:00:00,down,1.24975,-0.7505501100219999,-1.030606121224245,0.7505501100219999,with_trend,False
GBPUSD_202502201700_up_000020,GBPUSD,2025-02-20 17:00:00,up,1.26517,0.1122378810752687,0.14069255515070028,0.1122378810752687,with_trend,False
GBPUSD_202502201500_up_000021,GBPUSD,2025-02-20 15:00:00,up,1.264,0.23417721518987925,0.12183544303798234,0.23417721518987925,with_trend,False
GBPUSD_202503261200_down_000022,GBPUSD,2025-03-26 12:00:00,down,1.28926,-0.07368568015761029,-0.13961497293020986,0.07368568015761029,against_trend,False
GBPUSD_202504281300_up_000023,GBPUSD,2025-04-28 13:00:00,up,1.33661,0.4429115448784555,0.510994231675649,0.4429115448784555,with_trend,False
GBPUSD_202505061000_up_000024,GBPUSD,2025-05-06 10:00:00,up,1.33503,0.12284368141540535,0.13557747765968475,0.12284368141540535,with_trend,False
GBPUSD_202505061000_up_000025,GBPUSD,2025-05-06 10:00:00,up,1.33503,0.12284368141540535,0.13557747765968475,0.12284368141540535,with_trend,False
GBPUSD_202505071900_down_000026,GBPUSD,2025-05-07 19:00:00,down,1.3296299999999999,-0.008272978196929405,0.18576596496771242,0.008272978196929405,against_trend,False
GBPUSD_202505190600_up_000027,GBPUSD,2025-05-19 06:00:00,up,1.33206,0.4571866132156156,0.2514901731153224,0.4571866132156156,with_trend,False
GBPUSD_202506020600_up_000028,GBPUSD,2025-06-02 06:00:00,up,1.35309,0.033257211271982015,-0.06651442254394763,0.033257211271982015,with_trend,False
GBPUSD_202506020600_up_000029,GBPUSD,2025-06-02 06:00:00,up,1.35309,0.033257211271982015,-0.06651442254394763,0.033257211271982015,with_trend,False
GBPUSD_202507010700_up_000030,GBPUSD,2025-07-01 07:00:00,up,1.37671,-0.19030877962679627,-0.22299540208178398,-0.19030877962679627,with_trend,False
GBPUSD_202507010700_up_000031,GBPUSD,2025-07-01 07:00:00,up,1.37671,-0.19030877962679627,-0.22299540208178398,-0.19030877962679627,with_trend,False
GBPUSD_202507010700_up_000032,GBPUSD,2025-07-01 07:00:00,up,1.37671,-0.19030877962679627,-0.22299540208178398,-0.19030877962679627,with_trend,False
GBPUSD_202507010700_up_000033,GBPUSD,2025-07-01 07:00:00,up,1.37671,-0.19030877962679627,-0.22299540208178398,-0.19030877962679627,with_trend,False
GBPUSD_202509151000_up_000034,GBPUSD,2025-09-15 10:00:00,up,1.3606500000000001,-0.0007349428581975902,-0.06467497152097997,-0.0007349428581975902,with_trend,False
GBPUSD_202601221500_up_000035,GBPUSD,2026-01-22 15:00:00,up,1.3477000000000001,0.14469095496029502,0.15136899903538023,0.14469095496029502,against_trend,False
GBPUSD_202601221500_up_000036,GBPUSD,2026-01-22 15:00:00,up,1.3477000000000001,0.14469095496029502,0.15136899903538023,0.14469095496029502,with_trend,False
GBPUSD_202603271000_down_000037,GBPUSD,2026-03-27 10:00:00,down,1.33013,-0.07969145872960243,-0.2766646869103116,0.07969145872960243,with_trend,False
GBPUSD_202604231900_down_000038,GBPUSD,2026-04-23 19:00:00,down,1.3467,0.00371277938665668,-0.015593673423928379,-0.00371277938665668,against_trend,False
GBPUSD_202604231900_down_000039,GBPUSD,2026-04-23 19:00:00,down,1.3467,0.00371277938665668,-0.015593673423928379,-0.00371277938665668,against_trend,False
GBPUSD_202605242100_up_000040,GBPUSD,2026-05-24 21:00:00,up,1.34566,0.1463965637679672,0.20510381522820575,0.1463965637679672,against_trend,False
USDJPY_202406171100_up_000041,USDJPY,2024-06-17 11:00:00,up,157.84,-0.03864673086670492,-0.07412569690825534,-0.03864673086670492,with_trend,False
USDJPY_202406180700_up_000042,USDJPY,2024-06-18 07:00:00,up,158.123,-0.18719604358631717,-0.17265040506440943,-0.18719604358631717,with_trend,False
USDJPY_202406180700_up_000043,USDJPY,2024-06-18 07:00:00,up,158.123,-0.18719604358631717,-0.17265040506440943,-0.18719604358631717,with_trend,False
USDJPY_202409200900_up_000044,USDJPY,2024-09-20 09:00:00,up,143.934,0.33418094404379406,-0.01181096891630602,0.33418094404379406,with_trend,False
USDJPY_202409242200_down_000045,USDJPY,2024-09-24 22:00:00,down,143.039,0.17757394836374632,0.6250043694377097,-0.17757394836374632,with_trend,True
USDJPY_202410140700_up_000046,USDJPY,2024-10-14 07:00:00,up,149.352,0.25577159997857746,0.3448229685574926,0.25577159997857746,with_trend,False
USDJPY_202410141000_up_000047,USDJPY,2024-10-14 10:00:00,up,149.512,0.20734121675852257,0.16453528813741325,0.20734121675852257,with_trend,False
USDJPY_202410141000_up_000048,USDJPY,2024-10-14 10:00:00,up,149.512,0.20734121675852257,0.16453528813741325,0.20734121675852257,with_trend,False
USDJPY_202412031300_down_000049,USDJPY,2024-12-03 13:00:00,down,148.852,0.12294090774728772,0.5092306452046393,-0.12294090774728772,with_trend,True
USDJPY_202412231200_up_000050,USDJPY,2024-12-23 12:00:00,up,157.135,0.012091513666595893,0.000636395456139482,0.012091513666595893,with_trend,False
USDJPY_202501061200_down_000051,USDJPY,2025-01-06 12:00:00,down,156.78,0.4611557596632126,0.5211123867840333,-0.4611557596632126,with_trend,True
USDJPY_202501060100_up_000052,USDJPY,2025-01-06 01:00:00,up,157.613,0.02030289379683826,-0.2652065502211152,0.02030289379683826,with_trend,True
USDJPY_202501100400_up_000053,USDJPY,2025-01-10 04:00:00,up,158.381,-0.28665054520429073,-0.2664461014894445,-0.28665054520429073,with_trend,True
USDJPY_202501221500_up_000054,USDJPY,2025-01-22 15:00:00,up,156.396,0.0946315762551629,0.09527097879741228,0.0946315762551629,against_trend,False
USDJPY_202501300000_down_000055,USDJPY,2025-01-30 00:00:00,down,154.715,-0.15318488834307906,-0.14413599198527174,0.15318488834307906,with_trend,False
USDJPY_202502280700_up_000056,USDJPY,2025-02-28 07:00:00,up,150.429,0.15090175431599218,-0.046533580626071554,0.15090175431599218,against_trend,False
USDJPY_202504202200_down_000057,USDJPY,2025-04-20 22:00:00,down,141.737,-0.6935380317066144,-0.8226504018005157,0.6935380317066144,with_trend,False
USDJPY_202504202200_down_000058,USDJPY,2025-04-20 22:00:00,down,141.737,-0.6935380317066144,-0.8226504018005157,0.6935380317066144,with_trend,False
USDJPY_202504202200_down_000059,USDJPY,2025-04-20 22:00:00,down,141.737,-0.6935380317066144,-0.8226504018005157,0.6935380317066144,with_trend,False
USDJPY_202506171600_up_000060,USDJPY,2025-06-17 16:00:00,up,145.217,-0.0117066183711441,-0.06817383639657751,-0.0117066183711441,with_trend,False
USDJPY_202508070600_down_000061,USDJPY,2025-08-07 06:00:00,down,146.851,0.3105188252037704,0.3459288666743909,-0.3105188252037704,with_trend,False
USDJPY_202508081200_up_000062,USDJPY,2025-08-08 12:00:00,up,147.839,-0.06967038467522686,-0.07643449969223245,-0.06967038467522686,against_trend,False
USDJPY_202508080900_up_000063,USDJPY,2025-08-08 09:00:00,up,147.705,0.07244169120882794,0.030466131816788523,0.07244169120882794,neutral,False
USDJPY_202508080900_up_000064,USDJPY,2025-08-08 09:00:00,up,147.705,0.07244169120882794,0.030466131816788523,0.07244169120882794,neutral,False
USDJPY_202508270900_up_000065,USDJPY,2025-08-27 09:00:00,up,148.03,-0.1155171249071082,-0.3776261568600942,-0.1155171249071082,against_trend,False
USDJPY_202508270900_up_000066,USDJPY,2025-08-27 09:00:00,up,148.03,-0.1155171249071082,-0.3776261568600942,-0.1155171249071082,against_trend,False
USDJPY_202509020100_up_000067,USDJPY,2025-09-02 01:00:00,up,147.538,0.28535021485989526,0.7299814285133308,0.28535021485989526,against_trend,False
USDJPY_202509020100_up_000068,USDJPY,2025-09-02 01:00:00,up,147.538,0.28535021485989526,0.7299814285133308,0.28535021485989526,against_trend,False
USDJPY_202509051200_down_000069,USDJPY,2025-09-05 12:00:00,down,147.294,-0.01629394272679193,0.7712466224014526,0.01629394272679193,against_trend,False
USDJPY_202509160200_down_000070,USDJPY,2025-09-16 02:00:00,down,147.148,-0.1787316171473654,-0.03737733438443391,0.1787316171473654,neutral,False
USDJPY_202510210400_up_000071,USDJPY,2025-10-21 04:00:00,up,151.072,0.47659394196144805,0.5242533361575947,0.47659394196144805,with_trend,False
USDJPY_202510210900_up_000072,USDJPY,2025-10-21 09:00:00,up,151.792,0.04743332981975515,0.07773795720459246,0.04743332981975515,with_trend,False
USDJPY_202601090000_up_000073,USDJPY,2026-01-09 00:00:00,up,157.002,0.23566578769697488,0.4114597266276777,0.23566578769697488,with_trend,False
USDJPY_202601090500_up_000074,USDJPY,2026-01-09 05:00:00,up,157.372,0.17538062679509825,0.3132704674274934,0.17538062679509825,with_trend,False
USDJPY_202602062100_up_000075,USDJPY,2026-02-06 21:00:00,up,157.24,-0.2607479012973776,-0.41147290765709726,-0.2607479012973776,with_trend,True
USDJPY_202603082200_up_000076,USDJPY,2026-03-08 22:00:00,up,158.311,0.34489075301147254,0.20087043856711387,0.34489075301147254,with_trend,False
USDJPY_202603251800_up_000077,USDJPY,2026-03-25 18:00:00,up,159.411,-0.01568273205738982,0.01129156708131853,-0.01568273205738982,with_trend,False
AUDUSD_202406140600_down_000078,AUDUSD,2024-06-14 06:00:00,down,0.66206,-0.07703229314563793,-0.06192792194061286,0.07703229314563793,against_trend,False
AUDUSD_202409061400_down_000079,AUDUSD,2024-09-06 14:00:00,down,0.66985,-0.36575352690900237,-0.45980443382846486,0.36575352690900237,with_trend,False
AUDUSD_202409121600_up_000080,AUDUSD,2024-09-12 16:00:00,up,0.67051,0.24608134106872814,0.2848577948128987,0.24608134106872814,against_trend,False
AUDUSD_202410311300_down_000081,AUDUSD,2024-10-31 13:00:00,down,0.65483,0.39857672983827885,0.4260647801719468,-0.39857672983827885,with_trend,False
AUDUSD_202411252300_down_000082,AUDUSD,2024-11-25 23:00:00,down,0.64631,0.4564373133635402,0.3372994383500116,-0.4564373133635402,with_trend,False
AUDUSD_202412061100_down_000083,AUDUSD,2024-12-06 11:00:00,down,0.64157,-0.5393020247206102,-0.4769549698396047,0.5393020247206102,with_trend,False
AUDUSD_202412311500_down_000084,AUDUSD,2024-12-31 15:00:00,down,0.61914,-0.040378589656616025,0.3197984300804312,0.040378589656616025,with_trend,False
AUDUSD_202501171200_down_000085,AUDUSD,2025-01-17 12:00:00,down,0.61854,0.3007081191192118,0.17460471432728197,-0.3007081191192118,with_trend,False
AUDUSD_202501171200_down_000086,AUDUSD,2025-01-17 12:00:00,down,0.61854,0.3007081191192118,0.17460471432728197,-0.3007081191192118,with_trend,False
AUDUSD_202501171200_down_000087,AUDUSD,2025-01-17 12:00:00,down,0.61854,0.3007081191192118,0.17460471432728197,-0.3007081191192118,with_trend,False
AUDUSD_202501201300_up_000088,AUDUSD,2025-01-20 13:00:00,up,0.62651,-0.054268886370529915,0.23622927008348418,-0.054268886370529915,against_trend,False
AUDUSD_202501201300_up_000089,AUDUSD,2025-01-20 13:00:00,up,0.62651,-0.054268886370529915,0.23622927008348418,-0.054268886370529915,neutral,False
AUDUSD_202501201300_up_000090,AUDUSD,2025-01-20 13:00:00,up,0.62651,-0.054268886370529915,0.23622927008348418,-0.054268886370529915,with_trend,False
AUDUSD_202501240200_up_000091,AUDUSD,2025-01-24 02:00:00,up,0.63176,-0.060149423831824735,-0.13454476383437025,-0.060149423831824735,with_trend,False
AUDUSD_202501240200_up_000092,AUDUSD,2025-01-24 02:00:00,up,0.63176,-0.060149423831824735,-0.13454476383437025,-0.060149423831824735,with_trend,False
AUDUSD_202501231600_up_000093,AUDUSD,2025-01-23 16:00:00,up,0.62862,-0.0381788679965491,0.4995068562883828,-0.0381788679965491,with_trend,True
AUDUSD_202502200800_up_000094,AUDUSD,2025-02-20 08:00:00,up,0.63736,0.023534580143087652,0.4534329107568639,0.023534580143087652,with_trend,False
AUDUSD_202502200800_up_000095,AUDUSD,2025-02-20 08:00:00,up,0.63736,0.023534580143087652,0.4534329107568639,0.023534580143087652,with_trend,False
AUDUSD_202502200800_up_000096,AUDUSD,2025-02-20 08:00:00,up,0.63736,0.023534580143087652,0.4534329107568639,0.023534580143087652,with_trend,False
AUDUSD_202503101700_down_000097,AUDUSD,2025-03-10 17:00:00,down,0.62862,-0.2306639941458992,-0.19725748464889886,0.2306639941458992,against_trend,False
AUDUSD_202503280300_down_000098,AUDUSD,2025-03-28 03:00:00,down,0.62828,0.22283058508946138,0.407461641306425,-0.22283058508946138,against_trend,False
AUDUSD_202504281800_up_000099,AUDUSD,2025-04-28 18:00:00,up,0.64251,0.038909900235011514,-0.2023314812220944,0.038909900235011514,with_trend,False
AUDUSD_202504281800_up_000100,AUDUSD,2025-04-28 18:00:00,up,0.64251,0.038909900235011514,-0.2023314812220944,0.038909900235011514,with_trend,False
AUDUSD_202506120100_down_000101,AUDUSD,2025-06-12 01:00:00,down,0.64922,0.08933797480053371,0.34348911000892673,-0.08933797480053371,against_trend,True
AUDUSD_202506202000_down_000102,AUDUSD,2025-06-20 20:00:00,down,0.64462,-0.3102603083987468,-0.3924792901244022,0.3102603083987468,with_trend,False
AUDUSD_202507221400_up_000103,AUDUSD,2025-07-22 14:00:00,up,0.65455,0.1099992361164241,0.1741654571843297,0.1099992361164241,neutral,False
AUDUSD_202508060200_up_000104,AUDUSD,2025-08-06 02:00:00,up,0.64825,0.18202853837253513,0.3208638642498991,0.18202853837253513,against_trend,False
AUDUSD_202508060200_up_000105,AUDUSD,2025-08-06 02:00:00,up,0.64825,0.18202853837253513,0.3208638642498991,0.18202853837253513,with_trend,False
AUDUSD_202512101900_up_000106,AUDUSD,2025-12-10 19:00:00,up,0.66666,-0.06600066000659946,-0.4815048150481574,-0.06600066000659946,with_trend,False
AUDUSD_202512101900_up_000107,AUDUSD,2025-12-10 19:00:00,up,0.66666,-0.06600066000659946,-0.4815048150481574,-0.06600066000659946,with_trend,False
AUDUSD_202602241200_down_000108,AUDUSD,2026-02-24 12:00:00,down,0.70421,0.31950696525183886,0.26270572698485084,-0.31950696525183886,against_trend,True
AUDUSD_202602250200_up_000109,AUDUSD,2026-02-25 02:00:00,up,0.70945,0.12685883430826864,-0.038057650292479026,0.12685883430826864,with_trend,False
AUDUSD_202603030900_down_000110,AUDUSD,2026-03-03 09:00:00,down,0.704,-0.9204545454545356,0.032670454545463565,0.9204545454545356,with_trend,False
AUDUSD_202603261100_down_000111,AUDUSD,2026-03-26 11:00:00,down,0.69097,-0.15919649188821366,-0.29234264874018,0.15919649188821366,with_trend,False
AUDUSD_202603261000_down_000112,AUDUSD,2026-03-26 10:00:00,down,0.69331,-0.32164543999076234,-0.6476179486809645,0.32164543999076234,with_trend,False
CADJPY_202406261000_up_000113,CADJPY,2024-06-26 10:00:00,up,117.113,0.1536977107579917,0.22969268996610578,0.1536977107579917,with_trend,False
CADJPY_202407220500_down_000114,CADJPY,2024-07-22 05:00:00,down,114.322,-0.20293556795717302,-0.14257973093542511,0.20293556795717302,with_trend,False
CADJPY_202407220500_down_000115,CADJPY,2024-07-22 05:00:00,down,114.322,-0.20293556795717302,-0.14257973093542511,0.20293556795717302,with_trend,False
CADJPY_202408301500_up_000116,CADJPY,2024-08-30 15:00:00,up,108.158,0.13683684979381658,0.17936722202703695,0.13683684979381658,with_trend,False
CADJPY_202409101400_down_000117,CADJPY,2024-09-10 14:00:00,down,104.902,-0.26691578806886535,-0.3746353739680851,0.26691578806886535,with_trend,False
CADJPY_202409101400_down_000118,CADJPY,2024-09-10 14:00:00,down,104.902,-0.26691578806886535,-0.3746353739680851,0.26691578806886535,with_trend,False
CADJPY_202409101400_down_000119,CADJPY,2024-09-10 14:00:00,down,104.902,-0.26691578806886535,-0.3746353739680851,0.26691578806886535,with_trend,False
CADJPY_202412061300_down_000120,CADJPY,2024-12-06 13:00:00,down,106.2,-0.24387947269303234,-0.24858757062146494,0.24387947269303234,with_trend,False
CADJPY_202412061300_down_000121,CADJPY,2024-12-06 13:00:00,down,106.2,-0.24387947269303234,-0.24858757062146494,0.24387947269303234,with_trend,False
CADJPY_202412061300_down_000122,CADJPY,2024-12-06 13:00:00,down,106.2,-0.24387947269303234,-0.24858757062146494,0.24387947269303234,with_trend,False
CADJPY_202501031600_down_000123,CADJPY,2025-01-03 16:00:00,down,108.737,0.05333970957448425,0.7439969835474693,-0.05333970957448425,with_trend,True
CADJPY_202501270800_down_000124,CADJPY,2025-01-27 08:00:00,down,107.885,-0.45789498076655677,-0.5014598878435473,0.45789498076655677,with_trend,False
CADJPY_202504151400_down_000125,CADJPY,2025-04-15 14:00:00,down,102.625,-0.10426309378806269,-0.22119366626066148,0.10426309378806269,with_trend,False
CADJPY_202504151400_down_000126,CADJPY,2025-04-15 14:00:00,down,102.625,-0.10426309378806269,-0.22119366626066148,0.10426309378806269,with_trend,False
CADJPY_202504151400_down_000127,CADJPY,2025-04-15 14:00:00,down,102.625,-0.10426309378806269,-0.22119366626066148,0.10426309378806269,with_trend,False
CADJPY_202504210000_down_000128,CADJPY,2025-04-21 00:00:00,down,102.165,-0.18597367004356868,-0.08515636470415827,0.18597367004356868,with_trend,False
CADJPY_202504210000_down_000129,CADJPY,2025-04-21 00:00:00,down,102.165,-0.18597367004356868,-0.08515636470415827,0.18597367004356868,with_trend,False
CADJPY_202504210000_down_000130,CADJPY,2025-04-21 00:00:00,down,102.165,-0.18597367004356868,-0.08515636470415827,0.18597367004356868,with_trend,False
CADJPY_202504281400_down_000131,CADJPY,2025-04-28 14:00:00,down,103.265,-0.4406139543891912,-0.45513968914927505,0.4406139543891912,with_trend,False
CADJPY_202505270000_down_000132,CADJPY,2025-05-27 00:00:00,down,103.665,0.5826460232479614,1.0138426662807964,-0.5826460232479614,with_trend,True
CADJPY_202507281500_up_000133,CADJPY,2025-07-28 15:00:00,up,108.207,-0.07393237036420777,-0.04713188610717211,-0.07393237036420777,with_trend,False
CADJPY_202508270300_up_000134,CADJPY,2025-08-27 03:00:00,up,106.806,-0.00374510795272801,0.08239237496021579,-0.00374510795272801,against_trend,False
CADJPY_202508270300_up_000135,CADJPY,2025-08-27 03:00:00,up,106.806,-0.00374510795272801,0.08239237496021579,-0.00374510795272801,against_trend,False
CADJPY_202508271000_up_000136,CADJPY,2025-08-27 10:00:00,up,106.918,-0.05798836491517969,-0.030864774874203825,-0.05798836491517969,against_trend,False
CADJPY_202512120800_up_000137,CADJPY,2025-12-12 08:00:00,up,113.254,0.1192010878202897,-0.10507355148604003,0.1192010878202897,with_trend,False
CADJPY_202601211400_up_000138,CADJPY,2026-01-21 14:00:00,up,114.575,-0.05062186340825392,-0.13091861226271498,-0.05062186340825392,neutral,False
CADJPY_202601211400_up_000139,CADJPY,2026-01-21 14:00:00,up,114.575,-0.05062186340825392,-0.13091861226271498,-0.05062186340825392,neutral,False
CADJPY_202602271500_up_000140,CADJPY,2026-02-27 15:00:00,up,114.432,0.052432885906042254,0.03145973154362535,0.052432885906042254,with_trend,False
CADJPY_202603051100_up_000141,CADJPY,2026-03-05 11:00:00,up,115.427,-0.3014892529477619,-0.18886395730635253,-0.3014892529477619,with_trend,False
CADJPY_202603061600_up_000142,CADJPY,2026-03-06 16:00:00,up,115.915,0.3209248155976361,0.7298451451494538,0.3209248155976361,with_trend,False
CADJPY_202603190700_down_000143,CADJPY,2026-03-19 07:00:00,down,115.933,-0.1354230460697219,-0.8297896198666499,0.1354230460697219,with_trend,False
CADJPY_202604161200_up_000144,CADJPY,2026-04-16 12:00:00,up,115.949,0.2164744844716253,0.16990228462513926,0.2164744844716253,with_trend,False
CHFJPY_202407220500_down_000145,CHFJPY,2024-07-22 05:00:00,down,176.673,0.011320348893158678,-0.10867534937427184,-0.011320348893158678,with_trend,False
CHFJPY_202407220500_down_000146,CHFJPY,2024-07-22 05:00:00,down,176.673,0.011320348893158678,-0.10867534937427184,-0.011320348893158678,with_trend,False
CHFJPY_202407220500_down_000147,CHFJPY,2024-07-22 05:00:00,down,176.673,0.011320348893158678,-0.10867534937427184,-0.011320348893158678,with_trend,False
CHFJPY_202412261100_up_000148,CHFJPY,2024-12-26 11:00:00,up,175.088,0.26215388833044134,0.41636205793658815,0.26215388833044134,with_trend,False
CHFJPY_202503031000_up_000149,CHFJPY,2025-03-03 10:00:00,up,167.276,-0.03287979148234464,-0.36705803582104085,-0.03287979148234464,against_trend,False
CHFJPY_202503031100_up_000150,CHFJPY,2025-03-03 11:00:00,up,167.701,-0.20214548511934852,-0.5861622769095021,-0.20214548511934852,against_trend,False
CHFJPY_202503031100_up_000151,CHFJPY,2025-03-03 11:00:00,up,167.701,-0.20214548511934852,-0.5861622769095021,-0.20214548511934852,against_trend,False
CHFJPY_202503031100_up_000152,CHFJPY,2025-03-03 11:00:00,up,167.701,-0.20214548511934852,-0.5861622769095021,-0.20214548511934852,against_trend,True
CHFJPY_202503031100_up_000153,CHFJPY,2025-03-03 11:00:00,up,167.701,-0.20214548511934852,-0.5861622769095021,-0.20214548511934852,against_trend,True
CHFJPY_202503101400_down_000154,CHFJPY,2025-03-10 14:00:00,down,167.174,-0.04426525655904164,-0.048452510557872204,0.04426525655904164,with_trend,False
CHFJPY_202503101300_down_000155,CHFJPY,2025-03-10 13:00:00,down,167.366,-0.18044286175210072,-0.14758075116810707,0.18044286175210072,with_trend,False
CHFJPY_202504171200_down_000156,CHFJPY,2025-04-17 12:00:00,down,173.953,-0.24259426396785166,-0.121297131983934,0.24259426396785166,with_trend,False
CHFJPY_202504251300_up_000157,CHFJPY,2025-04-25 13:00:00,up,173.171,0.2419573716153462,0.2644784634840698,0.2419573716153462,with_trend,False
CHFJPY_202506031100_down_000158,CHFJPY,2025-06-03 11:00:00,down,174.235,0.28983843659425224,0.32197893649380355,-0.28983843659425224,neutral,False
CHFJPY_202506031100_down_000159,CHFJPY,2025-06-03 11:00:00,down,174.235,0.28983843659425224,0.32197893649380355,-0.28983843659425224,neutral,False
CHFJPY_202506031100_down_000160,CHFJPY,2025-06-03 11:00:00,down,174.235,0.28983843659425224,0.32197893649380355,-0.28983843659425224,neutral,False
CHFJPY_202506031100_down_000161,CHFJPY,2025-06-03 11:00:00,down,174.235,0.28983843659425224,0.32197893649380355,-0.28983843659425224,with_trend,False
CHFJPY_202506041000_up_000162,CHFJPY,2025-06-04 10:00:00,up,175.093,-0.2655731525532165,-0.39064954052988843,-0.2655731525532165,neutral,False
CHFJPY_202508140000_down_000163,CHFJPY,2025-08-14 00:00:00,down,182.232,-0.23212169103121397,-0.18931910970630783,0.23212169103121397,with_trend,False
CHFJPY_202508132300_down_000164,CHFJPY,2025-08-13 23:00:00,down,182.793,-0.559649439529958,-0.5273724923820926,0.559649439529958,with_trend,False
CHFJPY_202508221500_down_000165,CHFJPY,2025-08-22 15:00:00,down,183.155,0.059512434822968995,0.1670716060167681,-0.059512434822968995,with_trend,False
CHFJPY_202508271200_up_000166,CHFJPY,2025-08-27 12:00:00,up,183.879,-0.09136442986963055,-0.10224114771126022,-0.09136442986963055,neutral,False
CHFJPY_202508271200_up_000167,CHFJPY,2025-08-27 12:00:00,up,183.879,-0.09136442986963055,-0.10224114771126022,-0.09136442986963055,neutral,False
CHFJPY_202510192300_up_000168,CHFJPY,2025-10-19 23:00:00,up,190.147,-0.10623359821611605,-0.017354993767972695,-0.10623359821611605,with_trend,False
CHFJPY_202510192300_up_000169,CHFJPY,2025-10-19 23:00:00,up,190.147,-0.10623359821611605,-0.017354993767972695,-0.10623359821611605,with_trend,False
CHFJPY_202510210500_up_000170,CHFJPY,2025-10-21 05:00:00,up,190.943,0.1330239914529418,-0.05865624819973667,0.1330239914529418,with_trend,False
CHFJPY_202510210500_up_000171,CHFJPY,2025-10-21 05:00:00,up,190.943,0.1330239914529418,-0.05865624819973667,0.1330239914529418,with_trend,False
CHFJPY_202510210500_up_000172,CHFJPY,2025-10-21 05:00:00,up,190.943,0.1330239914529418,-0.05865624819973667,0.1330239914529418,with_trend,False
CHFJPY_202601050800_down_000173,CHFJPY,2026-01-05 08:00:00,down,197.249,-0.056781022970962984,0.012167362065207382,0.056781022970962984,against_trend,False
CHFJPY_202601301300_up_000174,CHFJPY,2026-01-30 13:00:00,up,200.74,-0.2739862508717801,-0.0712364252266617,-0.2739862508717801,with_trend,False
CHFJPY_202601301300_up_000175,CHFJPY,2026-01-30 13:00:00,up,200.74,-0.2739862508717801,-0.0712364252266617,-0.2739862508717801,with_trend,False
CHFJPY_202602231100_down_000176,CHFJPY,2026-02-23 11:00:00,down,199.569,-0.04409502477839437,0.005010798270282122,0.04409502477839437,against_trend,True
CHFJPY_202602231100_down_000177,CHFJPY,2026-02-23 11:00:00,down,199.569,-0.04409502477839437,0.005010798270282122,0.04409502477839437,against_trend,True
CHFJPY_202602240700_up_000178,CHFJPY,2026-02-24 07:00:00,up,201.265,0.043226591806830555,0.05813231311952831,0.043226591806830555,neutral,False
CHFJPY_202603121900_down_000179,CHFJPY,2026-03-12 19:00:00,down,202.78,-0.07545122793174454,-0.12624519183351426,0.07545122793174454,against_trend,False
CHFJPY_202603121900_down_000180,CHFJPY,2026-03-12 19:00:00,down,202.78,-0.07545122793174454,-0.12624519183351426,0.07545122793174454,against_trend,False
XAUUSD_202406141000_up_000181,XAUUSD,2024-06-14 10:00:00,up,2330.49,-0.18923059099158782,0.0918261824766606,-0.18923059099158782,neutral,False
XAUUSD_202407030600_up_000182,XAUUSD,2024-07-03 06:00:00,up,2340.09,0.22477767949094962,0.7025370819071084,0.22477767949094962,with_trend,False
XAUUSD_202407030600_up_000183,XAUUSD,2024-07-03 06:00:00,up,2340.09,0.22477767949094962,0.7025370819071084,0.22477767949094962,with_trend,False
XAUUSD_202407030600_up_000184,XAUUSD,2024-07-03 06:00:00,up,2340.09,0.22477767949094962,0.7025370819071084,0.22477767949094962,with_trend,False
XAUUSD_202408161200_up_000185,XAUUSD,2024-08-16 12:00:00,up,2491.56,0.3254988842331763,0.5952094270256356,0.3254988842331763,with_trend,False
XAUUSD_202408161200_up_000186,XAUUSD,2024-08-16 12:00:00,up,2491.56,0.3254988842331763,0.5952094270256356,0.3254988842331763,with_trend,False
XAUUSD_202409050600_up_000187,XAUUSD,2024-09-05 06:00:00,up,2504.32,0.43205341170456285,0.2399853053922727,0.43205341170456285,with_trend,False
XAUUSD_202409200600_up_000188,XAUUSD,2024-09-20 06:00:00,up,2605.38,0.31780392879348673,0.7465321757286775,0.31780392879348673,with_trend,False
XAUUSD_202411110100_down_000189,XAUUSD,2024-11-11 01:00:00,down,2672.96,0.008604692924698393,-0.389081767029813,-0.008604692924698393,with_trend,False
XAUUSD_202412051400_down_000190,XAUUSD,2024-12-05 14:00:00,down,2640.26,-0.39844560762956815,-0.8612788134501994,0.39844560762956815,neutral,False
XAUUSD_202501101000_up_000191,XAUUSD,2025-01-10 10:00:00,up,2680.87,0.4386635681700425,0.36182284109264057,0.4386635681700425,with_trend,False
XAUUSD_202501210100_up_000192,XAUUSD,2025-01-21 01:00:00,up,2717.93,0.23584124683123955,0.21781282078640998,0.23584124683123955,with_trend,False
XAUUSD_202502251500_down_000193,XAUUSD,2025-02-25 15:00:00,down,2905.8,0.23642370431550316,0.5248124440773625,-0.23642370431550316,against_trend,False
XAUUSD_202503270900_up_000194,XAUUSD,2025-03-27 09:00:00,up,3039.87,0.5835775871994604,0.577656281354135,0.5835775871994604,with_trend,False
XAUUSD_202503270900_up_000195,XAUUSD,2025-03-27 09:00:00,up,3039.87,0.5835775871994604,0.577656281354135,0.5835775871994604,with_trend,False
XAUUSD_202504022200_up_000196,XAUUSD,2025-04-02 22:00:00,up,3145.74,0.06612116703861039,-0.5296051167610755,0.06612116703861039,with_trend,True
XAUUSD_202504300800_down_000197,XAUUSD,2025-04-30 08:00:00,down,3284.44,0.7432012763210731,0.5245947558792372,-0.7432012763210731,with_trend,False
XAUUSD_202506240500_down_000198,XAUUSD,2025-06-24 05:00:00,down,3331.98,-0.1947790803066116,-0.5645291988547334,0.1947790803066116,against_trend,False
XAUUSD_202509051200_up_000199,XAUUSD,2025-09-05 12:00:00,up,3580.29,0.44689117362001407,0.2994170863254165,0.44689117362001407,with_trend,False
XAUUSD_202509261300_up_000200,XAUUSD,2025-09-26 13:00:00,up,3761.89,0.44126755434103365,0.6658886889303032,0.44126755434103365,with_trend,False
XAUUSD_202510161400_up_000201,XAUUSD,2025-10-16 14:00:00,up,4263.14,1.0344487865751406,1.192079077862789,1.0344487865751406,with_trend,False
XAUUSD_202510161500_up_000202,XAUUSD,2025-10-16 15:00:00,up,4273.48,1.2233589486788439,1.6127371603470726,1.2233589486788439,with_trend,False
XAUUSD_202511041700_down_000203,XAUUSD,2025-11-04 17:00:00,down,3954.92,-0.5148018164716386,0.3838257158172564,0.5148018164716386,with_trend,False
XAUUSD_202511041700_down_000204,XAUUSD,2025-11-04 17:00:00,down,3954.92,-0.5148018164716386,0.3838257158172564,0.5148018164716386,with_trend,False
XAUUSD_202511100000_up_000205,XAUUSD,2025-11-10 00:00:00,up,4020.12,1.224341561943431,1.5106514233405972,1.224341561943431,against_trend,False
XAUUSD_202511280000_up_000206,XAUUSD,2025-11-28 00:00:00,up,4180.46,0.053582620094434145,-0.39804232070155743,0.053582620094434145,with_trend,False
XAUUSD_202511280000_up_000207,XAUUSD,2025-11-28 00:00:00,up,4180.46,0.053582620094434145,-0.39804232070155743,0.053582620094434145,with_trend,False
XAUUSD_202512220100_up_000208,XAUUSD,2025-12-22 01:00:00,up,4382.89,0.8238856097232572,0.6235611662624416,0.8238856097232572,with_trend,False
XAUUSD_202512220100_up_000209,XAUUSD,2025-12-22 01:00:00,up,4382.89,0.8238856097232572,0.6235611662624416,0.8238856097232572,with_trend,False
XAUUSD_202512220000_up_000210,XAUUSD,2025-12-22 00:00:00,up,4364.7,0.8094485302540823,1.0062547254106828,0.8094485302540823,with_trend,False
XAUUSD_202601091400_up_000211,XAUUSD,2026-01-09 14:00:00,up,4494.2,0.10813937964488857,1.6870633260647194,0.10813937964488857,with_trend,False
XAUUSD_202602111000_up_000212,XAUUSD,2026-02-11 10:00:00,up,5092.92,-0.6487437462202422,-0.13135882754884248,-0.6487437462202422,with_trend,False
XAUUSD_202602202000_up_000213,XAUUSD,2026-02-20 20:00:00,up,5095.7,1.5216751378613333,0.7994976156367091,1.5216751378613333,with_trend,False
XAUUSD_202604072200_up_000214,XAUUSD,2026-04-07 22:00:00,up,4817.9,-0.4267419415097759,-0.5049918014072506,-0.4267419415097759,with_trend,False
XAUUSD_202604171200_up_000215,XAUUSD,2026-04-17 12:00:00,up,4846.3,0.3338629469904748,-1.8851494954914179,0.3338629469904748,with_trend,True
XAUUSD_202604280500_down_000216,XAUUSD,2026-04-28 05:00:00,down,4631.92,-0.6265220470129113,-0.9840411751498283,0.6265220470129113,with_trend,False
XAGUSD_202408141600_down_000217,XAGUSD,2024-08-14 16:00:00,down,27.307,0.9887574614567678,1.4611638041527848,-0.9887574614567678,with_trend,True
XAGUSD_202412181900_down_000218,XAGUSD,2024-12-18 19:00:00,down,29.765,-0.9675793717453394,-0.678649420460278,0.9675793717453394,with_trend,False
XAGUSD_202412271200_down_000219,XAGUSD,2024-12-27 12:00:00,down,29.526,-0.5283478967689453,-0.2777213303529118,0.5283478967689453,with_trend,False
XAGUSD_202501091000_up_000220,XAGUSD,2025-01-09 10:00:00,up,30.28,-0.3203434610303874,-0.6439894319682968,-0.3203434610303874,with_trend,False
XAGUSD_202501131100_down_000221,XAGUSD,2025-01-13 11:00:00,down,29.859,-0.8573629391473264,-0.8205231253558425,0.8573629391473264,against_trend,False
XAGUSD_202502181400_up_000222,XAGUSD,2025-02-18 14:00:00,up,32.59,0.7241485118134308,0.6075483277078653,0.7241485118134308,with_trend,False
XAGUSD_202504111300_up_000223,XAGUSD,2025-04-11 13:00:00,up,31.626,1.8971732119142408,0.9043192310124512,1.8971732119142408,with_trend,False
XAGUSD_202504160500_up_000224,XAGUSD,2025-04-16 05:00:00,up,32.482,1.4007758142971438,1.237608521642759,1.4007758142971438,with_trend,False
XAGUSD_202504160600_up_000225,XAGUSD,2025-04-16 06:00:00,up,32.609,0.9905240884418423,1.0487902112913574,0.9905240884418423,with_trend,False
XAGUSD_202506050700_up_000226,XAGUSD,2025-06-05 07:00:00,up,34.604,3.2944168304242303,3.034331291180223,3.2944168304242303,with_trend,False
XAGUSD_202506050800_up_000227,XAGUSD,2025-06-05 08:00:00,up,34.837,2.678186985102046,2.1959410971093765,2.678186985102046,with_trend,False
XAGUSD_202507180600_up_000228,XAGUSD,2025-07-18 06:00:00,up,38.328,0.14349822584011615,-0.3443957420162935,0.14349822584011615,with_trend,False
XAGUSD_202509031400_up_000229,XAGUSD,2025-09-03 14:00:00,up,41.043,0.18273518017689458,-0.4336914942864734,0.18273518017689458,with_trend,False
XAGUSD_202511100200_up_000230,XAGUSD,2025-11-10 02:00:00,up,49.023,1.2585929053709428,2.1948881137425156,1.2585929053709428,with_trend,False
XAGUSD_202512091500_up_000231,XAGUSD,2025-12-09 15:00:00,up,60.217,0.9249879602105753,1.6706245744557189,0.9249879602105753,with_trend,False
XAGUSD_202601282300_up_000232,XAGUSD,2026-01-28 23:00:00,up,117.667,0.5804516134515137,-0.05948991645916645,0.5804516134515137,with_trend,False
XAGUSD_202601282100_up_000233,XAGUSD,2026-01-28 21:00:00,up,116.742,0.5096708982200054,-0.26554282092134984,0.5096708982200054,with_trend,True
XAGUSD_202602110600_up_000234,XAGUSD,2026-02-11 06:00:00,up,83.382,3.2093257537598063,0.3106185987383372,3.2093257537598063,with_trend,False
XAGUSD_202602110600_up_000235,XAGUSD,2026-02-11 06:00:00,up,83.382,3.2093257537598063,0.3106185987383372,3.2093257537598063,with_trend,False
XAGUSD_202602200800_up_000236,XAGUSD,2026-02-20 08:00:00,up,79.925,1.0484829527682304,3.4932749452611844,1.0484829527682304,with_trend,False
XAGUSD_202602200900_up_000237,XAGUSD,2026-02-20 09:00:00,up,80.333,1.5547782355943327,3.59752530093486,1.5547782355943327,with_trend,False
XAGUSD_202605242200_up_000238,XAGUSD,2026-05-24 22:00:00,up,77.806,-0.24933809731897622,0.10539032979462748,-0.24933809731897622,with_trend,False
US30_202406131300_down_000239,US30,2024-06-13 13:00:00,down,38506.0,0.4622656209421908,0.34540071677141226,-0.4622656209421908,with_trend,False
US30_202406140900_down_000240,US30,2024-06-14 09:00:00,down,38394.0,0.16408813877168307,0.5521696098348701,-0.16408813877168307,with_trend,True
US30_202407081200_up_000241,US30,2024-07-08 12:00:00,up,39780.0,-0.3066867772750126,-0.17596782302664657,-0.3066867772750126,with_trend,False
US30_202407081200_up_000242,US30,2024-07-08 12:00:00,up,39780.0,-0.3066867772750126,-0.17596782302664657,-0.3066867772750126,with_trend,False
US30_202407081200_up_000243,US30,2024-07-08 12:00:00,up,39780.0,-0.3066867772750126,-0.17596782302664657,-0.3066867772750126,with_trend,False
US30_202409271200_up_000244,US30,2024-09-27 12:00:00,up,42635.0,0.2533130057464525,0.1243110120792776,0.2533130057464525,with_trend,False
US30_202409271200_up_000245,US30,2024-09-27 12:00:00,up,42635.0,0.2533130057464525,0.1243110120792776,0.2533130057464525,with_trend,False
US30_202410302300_down_000246,US30,2024-10-30 23:00:00,down,42323.0,-0.07324622545660751,-0.40403563074451243,0.07324622545660751,with_trend,False
US30_202410302300_down_000247,US30,2024-10-30 23:00:00,down,42323.0,-0.07324622545660751,-0.40403563074451243,0.07324622545660751,with_trend,False
US30_202410302300_down_000248,US30,2024-10-30 23:00:00,down,42323.0,-0.07324622545660751,-0.40403563074451243,0.07324622545660751,with_trend,False
US30_202502051600_up_000249,US30,2025-02-05 16:00:00,up,44805.0,0.5378863966075215,0.589219953130231,0.5378863966075215,with_trend,False
US30_202502051600_up_000250,US30,2025-02-05 16:00:00,up,44805.0,0.5378863966075215,0.589219953130231,0.5378863966075215,with_trend,False
US30_202504152200_down_000251,US30,2025-04-15 22:00:00,down,40431.0,0.004946699314882144,0.11130073458484825,-0.004946699314882144,with_trend,False
US30_202505080300_up_000252,US30,2025-05-08 03:00:00,up,41445.0,0.1544215224996984,-0.15924719507781396,0.1544215224996984,with_trend,False
US30_202508070900_up_000253,US30,2025-08-07 09:00:00,up,44548.0,-1.0954476070755141,-1.0460626739696508,-1.0954476070755141,with_trend,True
US30_202509111300_up_000254,US30,2025-09-11 13:00:00,up,45958.0,0.3307367596501153,0.4112450498281039,0.3307367596501153,with_trend,False
US30_202509111300_up_000255,US30,2025-09-11 13:00:00,up,45958.0,0.3307367596501153,0.4112450498281039,0.3307367596501153,with_trend,False
US30_202509221400_up_000256,US30,2025-09-22 14:00:00,up,46670.0,0.10070709235054638,0.128562245553889,0.10070709235054638,with_trend,False
US30_202509251100_down_000257,US30,2025-09-25 11:00:00,down,46362.0,-0.10784694361761787,-0.19843837625641692,0.10784694361761787,against_trend,False
US30_202511251500_up_000258,US30,2025-11-25 15:00:00,up,46820.0,0.7560871422469031,0.9397693293464331,0.7560871422469031,with_trend,False
US30_202511251500_up_000259,US30,2025-11-25 15:00:00,up,46820.0,0.7560871422469031,0.9397693293464331,0.7560871422469031,with_trend,False
US30_202511251500_up_000260,US30,2025-11-25 15:00:00,up,46820.0,0.7560871422469031,0.9397693293464331,0.7560871422469031,against_trend,False
US30_202601051400_up_000261,US30,2026-01-05 14:00:00,up,49137.0,0.3663227303254167,0.22996926959317826,0.3663227303254167,with_trend,False
US30_202602121600_down_000262,US30,2026-02-12 16:00:00,down,49687.0,-0.2837764405176404,-0.39044418057037056,0.2837764405176404,against_trend,False
US30_202603051500_down_000263,US30,2026-03-05 15:00:00,down,48161.0,-0.3675172857706443,-0.2906916384626565,0.3675172857706443,with_trend,False
US30_202605140800_up_000264,US30,2026-05-14 08:00:00,up,50011.0,0.08798064425826319,0.2999340145168063,0.08798064425826319,with_trend,False
US500_202408131200_up_000265,US500,2024-08-13 12:00:00,up,5403.25,0.7865636422523482,1.0040253551103502,0.7865636422523482,with_trend,False
US500_202410310200_down_000266,US500,2024-10-31 02:00:00,down,5830.5,-0.398765114484178,-0.30014578509561785,0.398765114484178,against_trend,False
US500_202411242300_up_000267,US500,2024-11-24 23:00:00,up,6008.75,0.07905138339920949,0.12065737466195132,0.07905138339920949,with_trend,False
US500_202411242300_up_000268,US500,2024-11-24 23:00:00,up,6008.75,0.07905138339920949,0.12065737466195132,0.07905138339920949,with_trend,False
US500_202502052000_up_000269,US500,2025-02-05 20:00:00,up,6085.75,0.12734667050075996,0.15610237029125418,0.12734667050075996,with_trend,False
US500_202502051800_up_000270,US500,2025-02-05 18:00:00,up,6074.0,0.2839973658215344,0.4650971353309187,0.2839973658215344,with_trend,False
US500_202502201400_down_000271,US500,2025-02-20 14:00:00,down,6116.75,0.23705399109003963,0.2697510933093554,-0.23705399109003963,against_trend,False
US500_202502201400_down_000272,US500,2025-02-20 14:00:00,down,6116.75,0.23705399109003963,0.2697510933093554,-0.23705399109003963,against_trend,False
US500_202504152200_down_000273,US500,2025-04-15 22:00:00,down,5389.75,-0.19481423071571038,-0.009276868129319542,0.19481423071571038,with_trend,False
US500_202505080300_up_000274,US500,2025-05-08 03:00:00,up,5696.5,0.16676906872641095,-0.3335381374528219,0.16676906872641095,with_trend,False
US500_202505120000_up_000275,US500,2025-05-12 00:00:00,up,5751.25,0.21299717452727668,1.8648119973918713,0.21299717452727668,with_trend,False
US500_202507021900_up_000276,US500,2025-07-02 19:00:00,up,6275.0,0.0199203187250996,0.099601593625498,0.0199203187250996,with_trend,False
US500_202507021900_up_000277,US500,2025-07-02 19:00:00,up,6275.0,0.0199203187250996,0.099601593625498,0.0199203187250996,with_trend,False
US500_202508121400_up_000278,US500,2025-08-12 14:00:00,up,6439.5,0.4348163677304139,0.3455237207857753,0.4348163677304139,with_trend,False
US500_202509091900_up_000279,US500,2025-09-09 19:00:00,up,6521.0,0.21852476614016259,0.2836988191995093,0.21852476614016259,with_trend,False
US500_202509092000_up_000280,US500,2025-09-09 20:00:00,up,6530.5,0.08422019753464513,0.1569558226782023,0.08422019753464513,with_trend,False
US500_202509111300_up_000281,US500,2025-09-11 13:00:00,up,6571.75,0.30433294023661883,0.29292045497774566,0.30433294023661883,with_trend,False
US500_202509111400_up_000282,US500,2025-09-11 14:00:00,up,6582.75,0.14051878014507616,0.07595609737571683,0.14051878014507616,with_trend,False
US500_202602121600_down_000283,US500,2026-02-12 16:00:00,down,6884.0,-0.33410807669959325,-0.5411098198721673,0.33410807669959325,against_trend,False
US500_202602121600_down_000284,US500,2026-02-12 16:00:00,down,6884.0,-0.33410807669959325,-0.5411098198721673,0.33410807669959325,against_trend,False
US500_202602121500_down_000285,US500,2026-02-12 15:00:00,down,6924.5,-1.068669217994079,-0.9711892555419164,1.068669217994079,neutral,False
US500_202602251100_up_000286,US500,2026-02-25 11:00:00,up,6923.5,0.3683108254495559,0.7474543222358634,0.3683108254495559,against_trend,False
US500_202602251200_up_000287,US500,2026-02-25 12:00:00,up,6926.0,0.40427375108287616,0.3212532486283569,0.40427375108287616,against_trend,False
US500_202603061300_down_000288,US500,2026-03-06 13:00:00,down,6744.75,0.20756884984617666,-1.7346825308573333,-0.20756884984617666,with_trend,False
US500_202603061300_down_000289,US500,2026-03-06 13:00:00,down,6744.75,0.20756884984617666,-1.7346825308573333,-0.20756884984617666,with_trend,False
US500_202603112200_down_000290,US500,2026-03-11 22:00:00,down,6741.5,-0.430171326856041,0.11866795223614923,0.430171326856041,with_trend,False
US500_202603112300_down_000291,US500,2026-03-11 23:00:00,down,6728.75,-0.27865502507895223,0.41984023778562135,0.27865502507895223,with_trend,False
US500_202603260800_down_000292,US500,2026-03-26 08:00:00,down,6601.5,0.24615617662652428,-0.840718018632129,-0.24615617662652428,with_trend,False
US500_202603260800_down_000293,US500,2026-03-26 08:00:00,down,6601.5,0.24615617662652428,-0.840718018632129,-0.24615617662652428,with_trend,False
US500_202605270900_up_000294,US500,2026-05-27 09:00:00,up,7559.75,-0.3968385197923212,-0.2744799761896888,-0.3968385197923212,with_trend,True
GER40_202406201300_up_000295,GER40,2024-06-20 13:00:00,up,18383.5,0.2339054043027715,0.18494845921614492,0.2339054043027715,against_trend,False
GER40_202407020800_down_000296,GER40,2024-07-02 08:00:00,down,18324.5,-0.245572866926792,0.054571748205953785,0.245572866926792,against_trend,False
GER40_202407020700_down_000297,GER40,2024-07-02 07:00:00,down,18334.5,-0.5999618206114156,-0.03272519021516812,0.5999618206114156,neutral,False
GER40_202407091000_down_000298,GER40,2024-07-09 10:00:00,down,18546.5,-0.7117245841533443,-0.7332919957943548,0.7117245841533443,against_trend,False
GER40_202408010700_down_000299,GER40,2024-08-01 07:00:00,down,18414.5,-0.13033207526677348,-1.5151103749762416,0.13033207526677348,with_trend,False
GER40_202409190200_up_000300,GER40,2024-09-19 02:00:00,up,19040.5,-0.12079514718626087,0.7562826606444158,-0.12079514718626087,with_trend,False
GER40_202409190200_up_000301,GER40,2024-09-19 02:00:00,up,19040.5,-0.12079514718626087,0.7562826606444158,-0.12079514718626087,with_trend,False
GER40_202501071200_up_000302,GER40,2025-01-07 12:00:00,up,20446.5,0.07825300173623848,0.024454063042574525,0.07825300173623848,with_trend,False
GER40_202501071200_up_000303,GER40,2025-01-07 12:00:00,up,20446.5,0.07825300173623848,0.024454063042574525,0.07825300173623848,with_trend,False
GER40_202501151000_up_000304,GER40,2025-01-15 10:00:00,up,20521.5,1.0086981945764197,1.0915381429232756,1.0086981945764197,with_trend,False
GER40_202504150700_up_000305,GER40,2025-04-15 07:00:00,up,21394.5,-0.29914230292832267,0.1308747575311412,-0.29914230292832267,with_trend,False
GER40_202504150700_up_000306,GER40,2025-04-15 07:00:00,up,21394.5,-0.29914230292832267,0.1308747575311412,-0.29914230292832267,with_trend,False
GER40_202504150700_up_000307,GER40,2025-04-15 07:00:00,up,21394.5,-0.29914230292832267,0.1308747575311412,-0.29914230292832267,with_trend,False
GER40_202505120000_up_000308,GER40,2025-05-12 00:00:00,up,23757.5,0.26097021993054825,-0.058928759339156055,0.26097021993054825,with_trend,False
GER40_202505270700_up_000309,GER40,2025-05-27 07:00:00,up,24171.5,0.1737583517779203,0.5460976770163208,0.1737583517779203,with_trend,False
GER40_202507310300_up_000310,GER40,2025-07-31 03:00:00,up,24403.5,0.07375991148810622,-0.7457946606019629,0.07375991148810622,with_trend,True
GER40_202508140900_up_000311,GER40,2025-08-14 09:00:00,up,24334.5,0.4027204175142287,0.6122994103022458,0.4027204175142287,neutral,False
GER40_202510291400_down_000312,GER40,2025-10-29 14:00:00,down,24216.5,0.020647079470608884,0.2808002808002808,-0.020647079470608884,against_trend,False
GER40_202601190000_down_000313,GER40,2026-01-19 00:00:00,down,25089.5,0.131529125729887,-0.19928655413619245,-0.131529125729887,with_trend,False
GER40_202606011300_down_000314,GER40,2026-06-01 13:00:00,down,24959.5,0.7291812736633346,0.5809411246218875,-0.7291812736633346,against_trend,True
GER40_202606011300_down_000315,GER40,2026-06-01 13:00:00,down,24959.5,0.7291812736633346,0.5809411246218875,-0.7291812736633346,with_trend,True
GER40_202606011100_up_000316,GER40,2026-06-01 11:00:00,up,25267.5,-0.7202928663302662,-0.8944296032452755,-0.7202928663302662,with_trend,True
GER40_202606011100_up_000317,GER40,2026-06-01 11:00:00,up,25267.5,-0.7202928663302662,-0.8944296032452755,-0.7202928663302662,with_trend,True
GER40_202606011300_down_000318,GER40,2026-06-01 13:00:00,down,24959.5,0.7291812736633346,0.5809411246218875,-0.7291812736633346,with_trend,True
UK100_202407020600_down_000319,UK100,2024-07-02 06:00:00,down,8171.0,-0.2508872842981275,-0.281483294578387,0.2508872842981275,with_trend,False
UK100_202407020600_down_000320,UK100,2024-07-02 06:00:00,down,8171.0,-0.2508872842981275,-0.281483294578387,0.2508872842981275,with_trend,False
UK100_202408291000_up_000321,UK100,2024-08-29 10:00:00,up,8392.5,0.17873100983020554,0.3872505212987787,0.17873100983020554,with_trend,False
UK100_202409131900_up_000322,UK100,2024-09-13 19:00:00,up,8290.0,0.6393244873341375,0.4161640530759952,0.6393244873341375,against_trend,False
UK100_202411080900_down_000323,UK100,2024-11-08 09:00:00,down,8105.0,-0.12338062924120913,-0.024676125848241828,0.12338062924120913,with_trend,False
UK100_202411080800_down_000324,UK100,2024-11-08 08:00:00,down,8149.0,-0.5154006626579949,-0.6442508283224935,0.5154006626579949,with_trend,False
UK100_202411080800_down_000325,UK100,2024-11-08 08:00:00,down,8149.0,-0.5154006626579949,-0.6442508283224935,0.5154006626579949,with_trend,False
UK100_202412030800_up_000326,UK100,2024-12-03 08:00:00,up,8384.0,0.1490935114503817,-0.1968034351145038,0.1490935114503817,with_trend,False
UK100_202501301100_up_000327,UK100,2025-01-30 11:00:00,up,8582.0,0.734094616639478,0.7748776508972268,0.734094616639478,with_trend,False
UK100_202501301000_up_000328,UK100,2025-01-30 10:00:00,up,8570.0,0.705950991831972,0.927654609101517,0.705950991831972,with_trend,False
UK100_202501301100_up_000329,UK100,2025-01-30 11:00:00,up,8582.0,0.734094616639478,0.7748776508972268,0.734094616639478,with_trend,False
UK100_202501301100_up_000330,UK100,2025-01-30 11:00:00,up,8582.0,0.734094616639478,0.7748776508972268,0.734094616639478,with_trend,False
UK100_202503060800_down_000331,UK100,2025-03-06 08:00:00,down,8696.0,-0.3162373505059798,-0.45998160073597055,0.3162373505059798,against_trend,False
UK100_202504221500_up_000332,UK100,2025-04-22 15:00:00,up,8357.0,0.8077061146344383,0.7478760320689243,0.8077061146344383,with_trend,False
UK100_202505151400_up_000333,UK100,2025-05-15 14:00:00,up,8631.0,0.2780674313521029,0.24330900243309003,0.2780674313521029,with_trend,False
UK100_202505151400_up_000334,UK100,2025-05-15 14:00:00,up,8631.0,0.2780674313521029,0.24330900243309003,0.2780674313521029,with_trend,False
UK100_202506190600_down_000335,UK100,2025-06-19 06:00:00,down,8832.0,-0.005661231884057971,-0.14719202898550726,0.005661231884057971,against_trend,False
UK100_202507010900_down_000336,UK100,2025-07-01 09:00:00,down,8754.0,0.4055289010737948,0.5883024902901531,-0.4055289010737948,neutral,True
UK100_202507010900_down_000337,UK100,2025-07-01 09:00:00,down,8754.0,0.4055289010737948,0.5883024902901531,-0.4055289010737948,neutral,True
UK100_202507010900_down_000338,UK100,2025-07-01 09:00:00,down,8754.0,0.4055289010737948,0.5883024902901531,-0.4055289010737948,neutral,True
UK100_202507010900_down_000339,UK100,2025-07-01 09:00:00,down,8754.0,0.4055289010737948,0.5883024902901531,-0.4055289010737948,neutral,True
UK100_202507221500_up_000340,UK100,2025-07-22 15:00:00,up,9028.0,0.33783783783783783,0.4042977403633141,0.33783783783783783,with_trend,False
UK100_202507221500_up_000341,UK100,2025-07-22 15:00:00,up,9028.0,0.33783783783783783,0.4042977403633141,0.33783783783783783,with_trend,False
UK100_202509111500_up_000342,UK100,2025-09-11 15:00:00,up,9318.0,0.12341704228375189,0.09122129212277313,0.12341704228375189,with_trend,False
UK100_202509111500_up_000343,UK100,2025-09-11 15:00:00,up,9318.0,0.12341704228375189,0.09122129212277313,0.12341704228375189,with_trend,False
UK100_202510080900_up_000344,UK100,2025-10-08 09:00:00,up,9579.5,0.1252674983036693,0.1513648937836004,0.1252674983036693,with_trend,False
UK100_202510080700_up_000345,UK100,2025-10-08 07:00:00,up,9559.0,0.5858353384245214,0.36614708651532585,0.5858353384245214,with_trend,False
UK100_202510080700_up_000346,UK100,2025-10-08 07:00:00,up,9559.0,0.5858353384245214,0.36614708651532585,0.5858353384245214,with_trend,False
UK100_202510080900_up_000347,UK100,2025-10-08 09:00:00,up,9579.5,0.1252674983036693,0.1513648937836004,0.1252674983036693,with_trend,False
UK100_202512052000_down_000348,UK100,2025-12-05 20:00:00,down,9675.5,-0.0258384579608289,0.031006149552994675,0.0258384579608289,with_trend,False
UK100_202512191400_up_000349,UK100,2025-12-19 14:00:00,up,9902.0,0.3383154918198344,0.21207836800646332,0.3383154918198344,with_trend,False
UK100_202512191400_up_000350,UK100,2025-12-19 14:00:00,up,9902.0,0.3383154918198344,0.21207836800646332,0.3383154918198344,with_trend,False
UK100_202602170800_up_000351,UK100,2026-02-17 08:00:00,up,10480.0,-0.20038167938931298,0.6631679389312978,-0.20038167938931298,with_trend,False
UK100_202602250800_up_000352,UK100,2026-02-25 08:00:00,up,10743.5,0.25596872527574815,0.5398613114906687,0.25596872527574815,with_trend,False
UK100_202602250800_up_000353,UK100,2026-02-25 08:00:00,up,10743.5,0.25596872527574815,0.5398613114906687,0.25596872527574815,with_trend,False
UK100_202604151500_down_000354,UK100,2026-04-15 15:00:00,down,10564.0,0.1135933358576297,0.13725861416130253,-0.1135933358576297,against_trend,True
UK100_202604211200_down_000355,UK100,2026-04-21 12:00:00,down,10579.0,-1.0019850647509216,-0.9027318272048397,1.0019850647509216,against_trend,False
UK100_202604211200_down_000356,UK100,2026-04-21 12:00:00,down,10579.0,-1.0019850647509216,-0.9027318272048397,1.0019850647509216,against_trend,False
UK100_202604211200_down_000357,UK100,2026-04-21 12:00:00,down,10579.0,-1.0019850647509216,-0.9027318272048397,1.0019850647509216,against_trend,False
UK100_202605291900_down_000358,UK100,2026-05-29 19:00:00,down,10387.5,0.18772563176895307,0.12033694344163659,-0.18772563176895307,with_trend,False
UKOIL_202406171600_up_000359,UKOIL,2024-06-17 16:00:00,up,83.71,0.8123282761916222,0.4300561462190891,0.8123282761916222,with_trend,False
UKOIL_202407120700_up_000360,UKOIL,2024-07-12 07:00:00,up,86.05,-0.09296920395118918,-0.848343986054624,-0.09296920395118918,with_trend,True
UKOIL_202408120500_up_000361,UKOIL,2024-08-12 05:00:00,up,79.92,0.5380380380380287,1.626626626626623,0.5380380380380287,with_trend,False
UKOIL_202408120600_up_000362,UKOIL,2024-08-12 06:00:00,up,80.02,0.5373656585853622,1.8120469882529404,0.5373656585853622,with_trend,False
UKOIL_202409061400_down_000363,UKOIL,2024-09-06 14:00:00,down,71.57,-0.06986167388570234,0.48903171719995603,0.06986167388570234,with_trend,False
UKOIL_202409061400_down_000364,UKOIL,2024-09-06 14:00:00,down,71.57,-0.06986167388570234,0.48903171719995603,0.06986167388570234,with_trend,False
UKOIL_202410220900_up_000365,UKOIL,2024-10-22 09:00:00,up,74.78,0.9494517250601681,1.3105108317732066,0.9494517250601681,against_trend,False
UKOIL_202410220900_up_000366,UKOIL,2024-10-22 09:00:00,up,74.78,0.9494517250601681,1.3105108317732066,0.9494517250601681,against_trend,False
UKOIL_202411150600_down_000367,UKOIL,2024-11-15 06:00:00,down,71.62,0.9494554593688811,-0.1256632225635345,-0.9494554593688811,with_trend,False
UKOIL_202411291400_up_000368,UKOIL,2024-11-29 14:00:00,up,73.11,-1.4225140199699169,-1.0258514567090684,-1.4225140199699169,against_trend,True
UKOIL_202412231500_down_000369,UKOIL,2024-12-23 15:00:00,down,71.74,1.1290772233063875,1.0036241984945622,-1.1290772233063875,with_trend,False
UKOIL_202501290900_down_000370,UKOIL,2025-01-29 09:00:00,down,75.77,0.4751220799788828,0.039593506664908455,-0.4751220799788828,with_trend,False
UKOIL_202501290900_down_000371,UKOIL,2025-01-29 09:00:00,down,75.77,0.4751220799788828,0.039593506664908455,-0.4751220799788828,with_trend,False
UKOIL_202503282000_down_000372,UKOIL,2025-03-28 20:00:00,down,72.42,0.027616680475001407,0.6489919911626607,-0.027616680475001407,against_trend,True
UKOIL_202505271300_down_000373,UKOIL,2025-05-27 13:00:00,down,63.68,-0.15703517587939922,0.251256281407041,0.15703517587939922,with_trend,False
UKOIL_202505271400_down_000374,UKOIL,2025-05-27 14:00:00,down,63.18,0.7597340930674215,1.2345679012345698,-0.7597340930674215,with_trend,False
UKOIL_202507020900_up_000375,UKOIL,2025-07-02 09:00:00,up,67.61,-0.177488537198646,1.8932110634521537,-0.177488537198646,with_trend,False
UKOIL_202510080100_up_000376,UKOIL,2025-10-08 01:00:00,up,65.89,0.2731825770222987,0.6829564425557791,0.2731825770222987,against_trend,False
UKOIL_202510080100_up_000377,UKOIL,2025-10-08 01:00:00,up,65.89,0.2731825770222987,0.6829564425557791,0.2731825770222987,against_trend,False
UKOIL_202510091500_down_000378,UKOIL,2025-10-09 15:00:00,down,65.59,-0.6098490623570753,-0.8537886872998967,0.6098490623570753,with_trend,False
UKOIL_202512261300_down_000379,UKOIL,2025-12-26 13:00:00,down,61.82,-1.4720155289550367,-1.6984794564865693,1.4720155289550367,with_trend,False
UKOIL_202602110800_up_000380,UKOIL,2026-02-11 08:00:00,up,69.6,1.0488505747126495,-0.1867816091953958,1.0488505747126495,with_trend,False
UKOIL_202603181200_up_000381,UKOIL,2026-03-18 12:00:00,up,108.07,-1.406495789765889,3.1461090034237125,-1.406495789765889,with_trend,False
UKOIL_202604211400_up_000382,UKOIL,2026-04-21 14:00:00,up,96.66,4.138216428719222,1.6656321125594862,4.138216428719222,with_trend,False
ETHUSD_202406231500_down_000383,ETHUSD,2024-06-23 15:00:00,down,3469.61,-1.1214516905358327,-1.4511717455275928,1.1214516905358327,with_trend,False
ETHUSD_202406271200_up_000384,ETHUSD,2024-06-27 12:00:00,up,3429.99,0.7437339467462069,0.4119545538033671,0.7437339467462069,against_trend,False
ETHUSD_202406271200_up_000385,ETHUSD,2024-06-27 12:00:00,up,3429.99,0.7437339467462069,0.4119545538033671,0.7437339467462069,against_trend,False
ETHUSD_202406271200_up_000386,ETHUSD,2024-06-27 12:00:00,up,3429.99,0.7437339467462069,0.4119545538033671,0.7437339467462069,against_trend,False
ETHUSD_202410061200_up_000387,ETHUSD,2024-10-06 12:00:00,up,2427.38,0.5137226145061671,0.09887203486887472,0.5137226145061671,with_trend,False
ETHUSD_202411211200_up_000388,ETHUSD,2024-11-21 12:00:00,up,3283.01,2.02070660765577,2.7167142348028057,2.02070660765577,with_trend,False
ETHUSD_202411211200_up_000389,ETHUSD,2024-11-21 12:00:00,up,3283.01,2.02070660765577,2.7167142348028057,2.02070660765577,with_trend,False
ETHUSD_202411300500_up_000390,ETHUSD,2024-11-30 05:00:00,up,3692.24,-1.397525621303055,-0.5183845037158981,-1.397525621303055,with_trend,False
ETHUSD_202412260700_down_000391,ETHUSD,2024-12-26 07:00:00,down,3416.57,-1.8863948345855717,-2.7594927075985622,1.8863948345855717,with_trend,False
ETHUSD_202503261300_down_000392,ETHUSD,2025-03-26 13:00:00,down,2027.38,-1.6809872840809394,-0.9470350896230625,1.6809872840809394,with_trend,False
ETHUSD_202503261300_down_000393,ETHUSD,2025-03-26 13:00:00,down,2027.38,-1.6809872840809394,-0.9470350896230625,1.6809872840809394,with_trend,False
ETHUSD_202503261300_down_000394,ETHUSD,2025-03-26 13:00:00,down,2027.38,-1.6809872840809394,-0.9470350896230625,1.6809872840809394,with_trend,False
ETHUSD_202504061200_down_000395,ETHUSD,2025-04-06 12:00:00,down,1775.85,-5.238055015907874,-11.329785736407908,5.238055015907874,with_trend,False
ETHUSD_202506291000_up_000396,ETHUSD,2025-06-29 10:00:00,up,2456.17,-0.8016546085979412,-0.9966736830105415,-0.8016546085979412,with_trend,True
ETHUSD_202509101200_up_000397,ETHUSD,2025-09-10 12:00:00,up,4368.76,-0.07553630778527962,-0.5605709629276907,-0.07553630778527962,with_trend,False
ETHUSD_202510050300_up_000398,ETHUSD,2025-10-05 03:00:00,up,4530.83,1.2311210087334936,0.16288406318489349,1.2311210087334936,with_trend,False
ETHUSD_202511030200_down_000399,ETHUSD,2025-11-03 02:00:00,down,3797.65,-2.2382262715100127,-2.387265809118805,2.2382262715100127,with_trend,False
ETHUSD_202511030100_down_000400,ETHUSD,2025-11-03 01:00:00,down,3835.57,-3.1056661721725933,-3.288429099195168,3.1056661721725933,with_trend,False
ETHUSD_202511261700_up_000401,ETHUSD,2025-11-26 17:00:00,up,3025.04,0.04033004522255093,0.22247639700632119,0.04033004522255093,with_trend,False
ETHUSD_202511261700_up_000402,ETHUSD,2025-11-26 17:00:00,up,3025.04,0.04033004522255093,0.22247639700632119,0.04033004522255093,with_trend,False
ETHUSD_202512091500_up_000403,ETHUSD,2025-12-09 15:00:00,up,3244.52,2.5076128364134025,1.7497195270795056,2.5076128364134025,with_trend,False
ETHUSD_202512091500_up_000404,ETHUSD,2025-12-09 15:00:00,up,3244.52,2.5076128364134025,1.7497195270795056,2.5076128364134025,with_trend,False
ETHUSD_202512091500_up_000405,ETHUSD,2025-12-09 15:00:00,up,3244.52,2.5076128364134025,1.7497195270795056,2.5076128364134025,with_trend,False
ETHUSD_202512121500_down_000406,ETHUSD,2025-12-12 15:00:00,down,3069.61,0.3518362267519237,0.44077260629199627,-0.3518362267519237,with_trend,False
ETHUSD_202512290000_up_000407,ETHUSD,2025-12-29 00:00:00,up,2962.76,2.3582740417718577,-0.04489057500440069,2.3582740417718577,against_trend,True
ETHUSD_202601251700_down_000408,ETHUSD,2026-01-25 17:00:00,down,2878.94,-2.6464601554738914,-1.1611912717875272,2.6464601554738914,with_trend,False
ETHUSD_202601250700_down_000409,ETHUSD,2026-01-25 07:00:00,down,2933.48,0.11147169914231499,-1.859225220557153,-0.11147169914231499,with_trend,False
ETHUSD_202602221300_down_000410,ETHUSD,2026-02-22 13:00:00,down,1948.82,-0.41101794932317975,0.34123213021213306,0.41101794932317975,with_trend,False
ETHUSD_202602221300_down_000411,ETHUSD,2026-02-22 13:00:00,down,1948.82,-0.41101794932317975,0.34123213021213306,0.41101794932317975,with_trend,False
ETHUSD_202603040800_up_000412,ETHUSD,2026-03-04 08:00:00,up,2062.75,0.03248091140468175,4.857593019027988,0.03248091140468175,with_trend,False
ETHUSD_202603061300_down_000413,ETHUSD,2026-03-06 13:00:00,down,2019.54,-2.266852847678183,-2.06482664369114,2.266852847678183,with_trend,False
ETHUSD_202604050600_down_000414,ETHUSD,2026-04-05 06:00:00,down,2037.3,0.18897560496736546,0.6749128748834353,-0.18897560496736546,with_trend,True
ETHUSD_202604171300_up_000415,ETHUSD,2026-04-17 13:00:00,up,2437.59,-0.7039740071135961,-0.7568951300259794,-0.7039740071135961,with_trend,False
ETHUSD_202604171300_up_000416,ETHUSD,2026-04-17 13:00:00,up,2437.59,-0.7039740071135961,-0.7568951300259794,-0.7039740071135961,with_trend,False
ETHUSD_202604260700_up_000417,ETHUSD,2026-04-26 07:00:00,up,2331.28,-0.10509248138362928,0.7802580556603925,-0.10509248138362928,with_trend,False
ETHUSD_202605221800_down_000418,ETHUSD,2026-05-22 18:00:00,down,2096.99,-1.6242328289596015,-1.561762335538081,1.6242328289596015,with_trend,False
ETHUSD_202605221800_down_000419,ETHUSD,2026-05-22 18:00:00,down,2096.99,-1.6242328289596015,-1.561762335538081,1.6242328289596015,with_trend,False
ETHUSD_202605221800_down_000420,ETHUSD,2026-05-22 18:00:00,down,2096.99,-1.6242328289596015,-1.561762335538081,1.6242328289596015,with_trend,False
