trade_id,symbol,direction,entry_time,exit_time,exit_rule,gross_pnl_pct,net_pnl_pct,bars_held,fold
T000001,EURUSD,up,2024-08-02 12:00:00,2024-08-05 16:00:00,1r_partial_trail,0.8011422589916151,0.786142258991615,28,train
T000002,EURUSD,down,2024-09-23 07:00:00,2024-09-24 13:00:00,1r_partial_time,-0.3423115034681583,-0.3573115034681583,30,train
T000003,EURUSD,down,2024-10-01 07:00:00,2024-10-02 13:00:00,1r_partial_time,0.5740197577960567,0.5590197577960567,30,train
T000004,EURUSD,up,2024-12-05 13:00:00,2024-12-06 19:00:00,1r_partial_time,-0.12019003274467495,-0.13519003274467495,30,train
T000005,EURUSD,down,2024-12-10 08:00:00,2024-12-11 14:00:00,1r_partial_time,0.35018125913412906,0.33518125913412905,30,train
T000006,EURUSD,up,2025-01-20 13:00:00,2025-01-21 19:00:00,1r_partial_time,0.19042672898812915,0.17542672898812917,30,train
T000007,EURUSD,up,2025-01-24 03:00:00,2025-01-26 22:00:00,1r_partial_trail,0.5377759482280009,0.5227759482280009,19,train
T000008,EURUSD,up,2025-04-09 00:00:00,2025-04-10 06:00:00,1r_partial_time,-0.2896182305143244,-0.3046182305143244,30,train
T000009,EURUSD,up,2025-06-02 05:00:00,2025-06-02 16:00:00,1r_partial_trail,0.45653473003375106,0.44153473003375104,11,train
T000010,EURUSD,up,2025-06-11 12:00:00,2025-06-12 09:00:00,1r_partial_trail,0.7504232037835337,0.7354232037835337,21,train
T000011,EURUSD,down,2026-03-08 21:00:00,2026-03-09 22:00:00,1r_partial_stop,-0.8443897876468067,-0.8593897876468067,25,test
T000012,GBPUSD,down,2024-08-06 09:00:00,2024-08-07 15:00:00,1r_partial_time,-0.0417001054304489,-0.0567001054304489,30,train
T000013,GBPUSD,down,2024-09-11 13:00:00,2024-09-12 18:00:00,1r_partial_stop,-0.5493999570301752,-0.5643999570301752,29,train
T000014,GBPUSD,down,2024-10-01 07:00:00,2024-10-01 18:00:00,1r_partial_trail,0.54562971404579,0.53062971404579,11,train
T000015,GBPUSD,down,2024-11-21 15:00:00,2024-11-22 09:00:00,1r_partial_trail,0.6522790137351065,0.6372790137351065,18,train
T000016,GBPUSD,down,2025-01-02 08:00:00,2025-01-02 12:00:00,1r_partial_trail,0.472694538907778,0.457694538907778,4,train
T000017,GBPUSD,up,2025-02-20 17:00:00,2025-02-23 23:00:00,1r_partial_time,-0.026873858849008985,-0.04187385884900899,30,train
T000018,GBPUSD,up,2025-02-20 15:00:00,2025-02-21 21:00:00,1r_partial_time,-0.06803797468355087,-0.08303797468355087,30,train
T000019,GBPUSD,down,2025-03-26 12:00:00,2025-03-27 12:00:00,1r_partial_stop,-0.5724213890138484,-0.5874213890138484,24,train
T000020,GBPUSD,up,2025-04-28 13:00:00,2025-04-29 19:00:00,1r_partial_time,0.27532339276227963,0.2603233927622796,30,train
T000021,GBPUSD,up,2025-05-06 10:00:00,2025-05-07 16:00:00,1r_partial_time,-0.02022426462326633,-0.03522426462326633,30,train
T000022,GBPUSD,down,2025-05-07 19:00:00,2025-05-09 01:00:00,1r_partial_time,0.5339831381662481,0.5189831381662481,30,train
T000023,GBPUSD,up,2025-05-19 06:00:00,2025-05-19 12:00:00,1r_partial_trail,0.44329834992417294,0.4282983499241729,6,train
T000024,GBPUSD,up,2025-06-02 06:00:00,2025-06-03 12:00:00,1r_partial_time,-0.20545566074688343,-0.22045566074688344,30,train
T000025,GBPUSD,up,2025-07-01 07:00:00,2025-07-02 11:00:00,1r_partial_stop,-0.6137821327658017,-0.6287821327658017,28,train
T000026,GBPUSD,up,2025-09-15 10:00:00,2025-09-16 16:00:00,1r_partial_time,0.37335097196192796,0.35835097196192794,30,validation
T000027,GBPUSD,up,2026-01-22 15:00:00,2026-01-23 21:00:00,1r_partial_time,0.8970839207538802,0.8820839207538802,30,test
T000028,GBPUSD,down,2026-03-27 10:00:00,2026-03-30 13:00:00,1r_partial_trail,0.5984377466864117,0.5834377466864117,27,test
T000029,GBPUSD,down,2026-04-23 19:00:00,2026-04-24 20:00:00,1r_partial_stop,-0.5049379965842369,-0.5199379965842369,25,test
T000030,GBPUSD,up,2026-05-24 21:00:00,2026-05-26 03:00:00,1r_partial_time,0.23482900584098726,0.21982900584098725,30,test
T000031,USDJPY,up,2024-06-17 11:00:00,2024-06-18 17:00:00,1r_partial_time,0.006335529650273001,-0.008664470349726998,30,train
T000032,USDJPY,up,2024-06-18 07:00:00,2024-06-19 13:00:00,1r_partial_time,-0.15304541401313548,-0.1680454140131355,30,train
T000033,USDJPY,up,2024-09-20 09:00:00,2024-09-23 15:00:00,1r_partial_time,-0.2403879555907594,-0.2553879555907594,30,train
T000034,USDJPY,down,2024-09-24 22:00:00,2024-09-25 11:00:00,1r_partial_stop,-0.9095421528394468,-0.9245421528394469,13,train
T000035,USDJPY,up,2024-10-14 07:00:00,2024-10-15 13:00:00,1r_partial_time,-0.11449461674433035,-0.12949461674433035,30,train
T000036,USDJPY,up,2024-10-14 10:00:00,2024-10-15 16:00:00,1r_partial_time,-0.0461501417946308,-0.0611501417946308,30,train
T000037,USDJPY,down,2024-12-03 13:00:00,2024-12-04 07:00:00,1r_partial_stop,-0.9284389863757323,-0.9434389863757323,18,train
T000038,USDJPY,up,2024-12-23 12:00:00,2024-12-24 18:00:00,1r_partial_time,0.1190059502975224,0.1040059502975224,30,train
T000039,USDJPY,down,2025-01-06 12:00:00,2025-01-07 00:00:00,1r_partial_stop,-0.6799336650082934,-0.6949336650082935,12,train
T000040,USDJPY,up,2025-01-06 01:00:00,2025-01-06 12:00:00,1r_partial_stop,-0.47267674620748573,-0.48767674620748575,11,train
T000041,USDJPY,up,2025-01-10 04:00:00,2025-01-10 15:00:00,1r_partial_stop,-0.5114249815318771,-0.5264249815318771,11,train
T000042,USDJPY,up,2025-01-22 15:00:00,2025-01-23 21:00:00,1r_partial_time,-0.21867566945445188,-0.2336756694544519,30,train
T000043,USDJPY,down,2025-01-30 00:00:00,2025-01-31 06:00:00,1r_partial_time,0.018097792715632992,0.0030977927156329924,30,train
T000044,USDJPY,up,2025-02-28 07:00:00,2025-03-03 13:00:00,1r_partial_time,0.3556495090707221,0.3406495090707221,30,train
T000045,USDJPY,down,2025-04-20 22:00:00,2025-04-22 04:00:00,1r_partial_time,1.0194938512879541,1.0044938512879542,30,train
T000046,USDJPY,up,2025-06-17 16:00:00,2025-06-18 22:00:00,1r_partial_time,-0.15562916187498646,-0.17062916187498645,30,train
T000047,USDJPY,down,2025-08-07 06:00:00,2025-08-08 12:00:00,1r_partial_stop,-0.7007102437164175,-0.7157102437164176,30,train
T000048,USDJPY,up,2025-08-08 12:00:00,2025-08-11 18:00:00,1r_partial_time,0.19751215849674414,0.18251215849674413,30,train
T000049,USDJPY,up,2025-08-08 09:00:00,2025-08-11 15:00:00,1r_partial_time,0.1936291933245329,0.17862919332453292,30,train
T000050,USDJPY,up,2025-08-27 09:00:00,2025-08-28 10:00:00,1r_partial_stop,-0.7079646017699127,-0.7229646017699127,25,validation
T000051,USDJPY,up,2025-09-02 01:00:00,2025-09-02 07:00:00,1r_partial_trail,0.5383358863479274,0.5233358863479274,6,validation
T000052,USDJPY,down,2025-09-05 12:00:00,2025-09-08 18:00:00,1r_partial_time,-0.10930519912555933,-0.12430519912555933,30,validation
T000053,USDJPY,down,2025-09-16 02:00:00,2025-09-17 01:00:00,1r_partial_trail,0.4420719275831094,0.4270719275831094,23,validation
T000054,USDJPY,up,2025-10-21 04:00:00,2025-10-21 13:00:00,1r_partial_trail,0.4962865388688782,0.4812865388688782,9,validation
T000055,USDJPY,up,2025-10-21 09:00:00,2025-10-22 15:00:00,1r_partial_time,-0.0032939812374798757,-0.018293981237479877,30,validation
T000056,USDJPY,up,2026-01-09 00:00:00,2026-01-09 13:00:00,1r_partial_trail,0.36974051285970017,0.35474051285970015,13,test
T000057,USDJPY,up,2026-01-09 05:00:00,2026-01-12 11:00:00,1r_partial_time,0.32915639376761574,0.3141563937676157,30,test
T000058,USDJPY,up,2026-02-06 21:00:00,2026-02-09 01:00:00,1r_partial_stop,-0.46616636988044013,-0.48116636988044015,4,test
T000059,USDJPY,up,2026-03-08 22:00:00,2026-03-10 04:00:00,1r_partial_time,-0.34110074473663893,-0.35610074473663894,30,test
T000060,USDJPY,up,2026-03-25 18:00:00,2026-03-27 00:00:00,1r_partial_time,0.09158715521512731,0.07658715521512731,30,test
T000061,AUDUSD,down,2024-06-14 06:00:00,2024-06-17 12:00:00,1r_partial_time,0.45313113615080247,0.43813113615080246,30,train
T000062,AUDUSD,down,2024-09-06 14:00:00,2024-09-09 20:00:00,1r_partial_time,0.6665671418974476,0.6515671418974476,30,train
T000063,AUDUSD,up,2024-09-12 16:00:00,2024-09-15 22:00:00,1r_partial_time,0.05667327854915451,0.04167327854915451,30,train
T000064,AUDUSD,down,2024-10-31 13:00:00,2024-11-01 19:00:00,1r_partial_time,-0.11300642914954459,-0.12800642914954458,30,train
T000065,AUDUSD,down,2024-11-25 23:00:00,2024-11-27 05:00:00,1r_partial_time,-0.14079930683417655,-0.15579930683417653,30,train
T000066,AUDUSD,down,2024-12-06 11:00:00,2024-12-06 21:00:00,1r_partial_trail,0.48903471172280744,0.4740347117228074,10,train
T000067,AUDUSD,down,2024-12-31 15:00:00,2025-01-02 21:00:00,1r_partial_time,-0.18412636883419417,-0.19912636883419416,30,train
T000068,AUDUSD,down,2025-01-17 12:00:00,2025-01-20 13:00:00,1r_partial_stop,-0.856856468457977,-0.871856468457977,25,train
T000069,AUDUSD,up,2025-01-20 13:00:00,2025-01-21 19:00:00,1r_partial_time,-0.0015961437167907155,-0.016596143716790714,30,train
T000070,AUDUSD,up,2025-01-24 02:00:00,2025-01-27 08:00:00,1r_partial_time,-0.38147397745979855,-0.39647397745979857,30,train
T000071,AUDUSD,up,2025-01-23 16:00:00,2025-01-24 02:00:00,1r_partial_trail,0.38178867996564114,0.36678867996564113,10,train
T000072,AUDUSD,up,2025-02-20 08:00:00,2025-02-21 14:00:00,1r_partial_time,0.19769047320194674,0.18269047320194676,30,train
T000073,AUDUSD,down,2025-03-10 17:00:00,2025-03-11 23:00:00,1r_partial_time,-0.1383983964875501,-0.1533983964875501,30,train
T000074,AUDUSD,down,2025-03-28 03:00:00,2025-03-31 09:00:00,1r_partial_time,0.517285286814792,0.502285286814792,30,train
T000075,AUDUSD,up,2025-04-28 18:00:00,2025-04-30 00:00:00,1r_partial_time,-0.6567991159670669,-0.6717991159670669,30,train
T000076,AUDUSD,down,2025-06-12 01:00:00,2025-06-12 12:00:00,1r_partial_stop,-0.6238255136933548,-0.6388255136933548,11,train
T000077,AUDUSD,down,2025-06-20 20:00:00,2025-06-23 13:00:00,1r_partial_trail,0.7628525332754125,0.7478525332754125,17,train
T000078,AUDUSD,up,2025-07-22 14:00:00,2025-07-23 13:00:00,1r_partial_trail,0.5641280268887003,0.5491280268887003,23,train
T000079,AUDUSD,up,2025-08-06 02:00:00,2025-08-07 08:00:00,1r_partial_time,0.6270728885460835,0.6120728885460834,30,train
T000080,AUDUSD,up,2025-12-10 19:00:00,2025-12-12 01:00:00,1r_partial_time,0.0,-0.015,30,validation
T000081,AUDUSD,down,2026-02-24 12:00:00,2026-02-25 01:00:00,1r_partial_stop,-0.5680123826699427,-0.5830123826699427,13,test
T000082,AUDUSD,up,2026-02-25 02:00:00,2026-02-26 08:00:00,1r_partial_time,0.2508985834096841,0.23589858340968406,30,test
T000083,AUDUSD,down,2026-03-03 09:00:00,2026-03-03 15:00:00,1r_partial_trail,0.974786931818181,0.959786931818181,6,test
T000084,AUDUSD,down,2026-03-26 11:00:00,2026-03-27 17:00:00,1r_partial_time,0.6006049466691733,0.5856049466691733,30,test
T000085,AUDUSD,down,2026-03-26 10:00:00,2026-03-27 16:00:00,1r_partial_time,0.7139663354055199,0.6989663354055199,30,test
T000086,CADJPY,up,2024-06-26 10:00:00,2024-06-27 16:00:00,1r_partial_time,0.228838813795224,0.21383881379522401,30,train
T000087,CADJPY,down,2024-07-22 05:00:00,2024-07-23 07:00:00,1r_partial_trail,0.6612900404121693,0.6462900404121693,26,train
T000088,CADJPY,up,2024-08-30 15:00:00,2024-09-02 21:00:00,1r_partial_time,0.7313374877494008,0.7163374877494008,30,train
T000089,CADJPY,down,2024-09-10 14:00:00,2024-09-11 07:00:00,1r_partial_trail,0.9432613296219325,0.9282613296219325,17,train
T000090,CADJPY,down,2024-12-06 13:00:00,2024-12-09 19:00:00,1r_partial_time,-0.5790960451977353,-0.5940960451977353,30,train
T000091,CADJPY,down,2025-01-03 16:00:00,2025-01-06 05:00:00,1r_partial_stop,-0.8350423498901031,-0.8500423498901031,13,train
T000092,CADJPY,down,2025-01-27 08:00:00,2025-01-28 14:00:00,1r_partial_time,-0.0815683366547656,-0.0965683366547656,30,train
T000093,CADJPY,down,2025-04-15 14:00:00,2025-04-16 20:00:00,1r_partial_time,0.2747868453105934,0.2597868453105934,30,train
T000094,CADJPY,down,2025-04-21 00:00:00,2025-04-22 06:00:00,1r_partial_time,0.5324719815984057,0.5174719815984057,30,train
T000095,CADJPY,down,2025-04-28 14:00:00,2025-04-29 19:00:00,1r_partial_trail,0.5389047595990895,0.5239047595990894,29,train
T000096,CADJPY,down,2025-05-27 00:00:00,2025-05-27 05:00:00,1r_partial_stop,-0.6067621665943091,-0.6217621665943092,5,train
T000097,CADJPY,up,2025-07-28 15:00:00,2025-07-29 21:00:00,1r_partial_time,-0.3724343157096968,-0.38743431570969683,30,train
T000098,CADJPY,up,2025-08-27 03:00:00,2025-08-28 09:00:00,1r_partial_time,0.04494129543284256,0.02994129543284256,30,validation
T000099,CADJPY,up,2025-08-27 10:00:00,2025-08-28 16:00:00,1r_partial_time,-0.08511195495614227,-0.10011195495614227,30,validation
T000100,CADJPY,up,2025-12-12 08:00:00,2025-12-15 11:00:00,1r_partial_stop,-0.6684090628145628,-0.6834090628145628,27,validation
T000101,CADJPY,up,2026-01-21 14:00:00,2026-01-22 20:00:00,1r_partial_time,0.2976216452105555,0.2826216452105555,30,test
T000102,CADJPY,up,2026-02-27 15:00:00,2026-03-02 16:00:00,1r_partial_trail,0.5162454558165547,0.5012454558165547,25,test
T000103,CADJPY,up,2026-03-05 11:00:00,2026-03-06 17:00:00,1r_partial_time,0.5267398442305439,0.5117398442305439,30,test
T000104,CADJPY,up,2026-03-06 16:00:00,2026-03-09 09:00:00,1r_partial_trail,0.7611180606478878,0.7461180606478878,18,test
T000105,CADJPY,down,2026-03-19 07:00:00,2026-03-19 13:00:00,1r_partial_trail,0.4284802428989146,0.4134802428989146,6,test
T000106,CADJPY,up,2026-04-16 12:00:00,2026-04-17 09:00:00,1r_partial_trail,0.39284513018654815,0.37784513018654814,21,test
T000107,CHFJPY,down,2024-07-22 05:00:00,2024-07-23 03:00:00,1r_partial_trail,0.39890079412247725,0.38390079412247724,22,train
T000108,CHFJPY,up,2024-12-26 11:00:00,2024-12-27 17:00:00,1r_partial_time,-0.053687288677690126,-0.06868728867769013,30,train
T000109,CHFJPY,up,2025-03-03 10:00:00,2025-03-04 16:00:00,1r_partial_time,-0.05739018149645115,-0.07239018149645116,30,train
T000110,CHFJPY,up,2025-03-03 11:00:00,2025-03-04 17:00:00,1r_partial_time,-0.32975354947197527,-0.3447535494719753,30,train
T000111,CHFJPY,down,2025-03-10 14:00:00,2025-03-11 20:00:00,1r_partial_time,-0.13459030710516845,-0.14959030710516846,30,train
T000112,CHFJPY,down,2025-03-10 13:00:00,2025-03-11 19:00:00,1r_partial_time,-0.07289413620447742,-0.08789413620447742,30,train
T000113,CHFJPY,down,2025-04-17 12:00:00,2025-04-18 18:00:00,1r_partial_time,-0.05231298109259869,-0.06731298109259869,30,train
T000114,CHFJPY,up,2025-04-25 13:00:00,2025-04-28 19:00:00,1r_partial_time,-0.023098555762796336,-0.03809855576279633,30,train
T000115,CHFJPY,down,2025-06-03 11:00:00,2025-06-04 11:00:00,1r_partial_stop,-0.5354836858266093,-0.5504836858266093,24,train
T000116,CHFJPY,up,2025-06-04 10:00:00,2025-06-05 16:00:00,1r_partial_time,0.05197238039213914,0.03697238039213914,30,train
T000117,CHFJPY,down,2025-08-14 00:00:00,2025-08-15 06:00:00,1r_partial_time,-0.10975020852538997,-0.12475020852538997,30,train
T000118,CHFJPY,down,2025-08-13 23:00:00,2025-08-14 10:00:00,1r_partial_trail,0.4779997045838742,0.4629997045838742,11,train
T000119,CHFJPY,down,2025-08-22 15:00:00,2025-08-25 21:00:00,1r_partial_time,-0.03275913843466041,-0.04775913843466041,30,validation
T000120,CHFJPY,up,2025-08-27 12:00:00,2025-08-28 18:00:00,1r_partial_time,-0.36001936055774597,-0.375019360557746,30,validation
T000121,CHFJPY,up,2025-10-19 23:00:00,2025-10-21 05:00:00,1r_partial_time,0.41862348603975913,0.4036234860397591,30,validation
T000122,CHFJPY,up,2025-10-21 05:00:00,2025-10-22 11:00:00,1r_partial_time,-0.16968414657778094,-0.18468414657778093,30,validation
T000123,CHFJPY,down,2026-01-05 08:00:00,2026-01-06 14:00:00,1r_partial_time,0.021799857033498963,0.0067998570334989634,30,validation
T000124,CHFJPY,up,2026-01-30 13:00:00,2026-02-02 19:00:00,1r_partial_time,-0.5883232041446705,-0.6033232041446706,30,test
T000125,CHFJPY,down,2026-02-23 11:00:00,2026-02-24 07:00:00,1r_partial_stop,-0.5727342422921399,-0.5877342422921399,20,test
T000126,CHFJPY,up,2026-02-24 07:00:00,2026-02-25 13:00:00,1r_partial_time,0.4531339279059977,0.4381339279059977,30,test
T000127,CHFJPY,down,2026-03-12 19:00:00,2026-03-16 01:00:00,1r_partial_time,0.4830358023473723,0.4680358023473723,30,test
T000128,XAUUSD,up,2024-06-14 10:00:00,2024-06-17 17:00:00,1r_partial_time,-0.5930083373024433,-0.6230083373024433,30,train
T000129,XAUUSD,up,2024-07-03 06:00:00,2024-07-03 14:00:00,1r_partial_trail,0.7539239943762912,0.7239239943762912,8,train
T000130,XAUUSD,up,2024-08-16 12:00:00,2024-08-19 19:00:00,1r_partial_time,0.5550739295862803,0.5250739295862803,30,train
T000131,XAUUSD,up,2024-09-05 06:00:00,2024-09-06 13:00:00,1r_partial_time,0.1984570661896163,0.1684570661896163,30,train
T000132,XAUUSD,up,2024-09-20 06:00:00,2024-09-23 13:00:00,1r_partial_time,1.0175099217772365,0.9875099217772365,30,train
T000133,XAUUSD,down,2024-11-11 01:00:00,2024-11-11 13:00:00,1r_partial_trail,1.015914940739853,0.9859149407398529,12,train
T000134,XAUUSD,down,2024-12-05 14:00:00,2024-12-05 17:00:00,1r_partial_trail,0.458098823600707,0.42809882360070695,3,train
T000135,XAUUSD,up,2025-01-10 10:00:00,2025-01-13 17:00:00,1r_partial_time,-0.7475185294326082,-0.7775185294326082,30,train
T000136,XAUUSD,up,2025-01-21 01:00:00,2025-01-22 08:00:00,1r_partial_time,1.177366598845445,1.147366598845445,30,train
T000137,XAUUSD,down,2025-02-25 15:00:00,2025-02-26 23:00:00,1r_partial_time,-0.46183495078806586,-0.49183495078806583,30,train
T000138,XAUUSD,up,2025-03-27 09:00:00,2025-03-28 08:00:00,1r_partial_trail,0.9998782842687421,0.9698782842687421,22,train
T000139,XAUUSD,up,2025-04-02 22:00:00,2025-04-03 10:00:00,1r_partial_stop,-1.211479651846614,-1.241479651846614,12,train
T000140,XAUUSD,down,2025-04-30 08:00:00,2025-05-01 11:00:00,1r_partial_trail,1.5810153329030148,1.5510153329030147,26,train
T000141,XAUUSD,down,2025-06-24 05:00:00,2025-06-25 12:00:00,1r_partial_time,0.34273915209575306,0.3127391520957531,30,train
T000142,XAUUSD,up,2025-09-05 12:00:00,2025-09-08 19:00:00,1r_partial_time,1.4181812087847594,1.3881812087847594,30,validation
T000143,XAUUSD,up,2025-09-26 13:00:00,2025-09-29 13:00:00,1r_partial_trail,1.1867704797322558,1.1567704797322558,23,validation
T000144,XAUUSD,up,2025-10-16 14:00:00,2025-10-16 22:00:00,1r_partial_trail,1.8773134356366492,1.8473134356366492,7,validation
T000145,XAUUSD,up,2025-10-16 15:00:00,2025-10-16 22:00:00,1r_partial_trail,1.7747830807679048,1.7447830807679048,6,validation
T000146,XAUUSD,down,2025-11-04 17:00:00,2025-11-06 01:00:00,1r_partial_time,-0.5469137175973245,-0.5769137175973246,30,validation
T000147,XAUUSD,up,2025-11-10 00:00:00,2025-11-10 14:00:00,1r_partial_trail,1.4049953732724414,1.3749953732724414,14,validation
T000148,XAUUSD,up,2025-11-28 00:00:00,2025-12-01 01:00:00,1r_partial_trail,1.1670964439320173,1.1370964439320173,22,validation
T000149,XAUUSD,up,2025-12-22 01:00:00,2025-12-23 08:00:00,1r_partial_time,2.0653039432885603,2.0353039432885605,30,validation
T000150,XAUUSD,up,2025-12-22 00:00:00,2025-12-23 06:00:00,1r_partial_trail,1.8406763351433122,1.8106763351433122,29,validation
T000151,XAUUSD,up,2026-01-09 14:00:00,2026-01-12 00:00:00,1r_partial_trail,1.4661118775310473,1.4361118775310473,9,test
T000152,XAUUSD,up,2026-02-11 10:00:00,2026-02-12 16:00:00,1r_partial_stop,-1.8637638132937502,-1.8937638132937502,29,test
T000153,XAUUSD,up,2026-02-20 20:00:00,2026-02-24 01:00:00,1r_partial_trail,2.071010852287219,2.041010852287219,27,test
T000154,XAUUSD,up,2026-04-07 22:00:00,2026-04-09 05:00:00,1r_partial_time,-2.1725232985325573,-2.202523298532557,30,test
T000155,XAUUSD,up,2026-04-17 12:00:00,2026-04-19 22:00:00,1r_partial_stop,-1.2310422384086799,-1.26104223840868,9,test
T000156,XAUUSD,down,2026-04-28 05:00:00,2026-04-29 12:00:00,1r_partial_time,1.8815091797785721,1.851509179778572,30,test
T000157,XAGUSD,down,2024-08-14 16:00:00,2024-08-15 07:00:00,1r_partial_stop,-2.4938660416742997,-2.5238660416742995,14,train
T000158,XAGUSD,down,2024-12-18 19:00:00,2024-12-19 20:00:00,1r_partial_trail,2.411389215521588,2.381389215521588,24,train
T000159,XAGUSD,down,2024-12-27 12:00:00,2024-12-30 13:00:00,1r_partial_trail,1.0558490821648716,1.0258490821648716,24,train
T000160,XAGUSD,up,2025-01-09 10:00:00,2025-01-10 13:00:00,1r_partial_stop,-0.9940554821664529,-1.024055482166453,26,train
T000161,XAGUSD,down,2025-01-13 11:00:00,2025-01-14 18:00:00,1r_partial_time,0.05023610971566552,0.020236109715665522,30,train
T000162,XAGUSD,up,2025-02-18 14:00:00,2025-02-19 21:00:00,1r_partial_time,0.29456888616138854,0.2645688861613885,30,train
T000163,XAGUSD,up,2025-04-11 13:00:00,2025-04-14 20:00:00,1r_partial_time,2.2607980775311445,2.2307980775311447,30,train
T000164,XAGUSD,up,2025-04-16 05:00:00,2025-04-17 12:00:00,1r_partial_time,0.09235884489871664,0.06235884489871664,30,train
T000165,XAGUSD,up,2025-04-16 06:00:00,2025-04-17 13:00:00,1r_partial_time,-0.39559630776780913,-0.4255963077678091,30,train
T000166,XAGUSD,up,2025-06-05 07:00:00,2025-06-05 09:00:00,1r_partial_trail,2.0423939428967737,2.012393942896774,2,train
T000167,XAGUSD,up,2025-06-05 08:00:00,2025-06-05 09:00:00,1r_partial_trail,1.8615265378763914,1.8315265378763914,1,train
T000168,XAGUSD,up,2025-07-18 06:00:00,2025-07-21 13:00:00,1r_partial_time,1.2132122730118875,1.1832122730118875,30,train
T000169,XAGUSD,up,2025-09-03 14:00:00,2025-09-04 22:00:00,1r_partial_time,-1.0720463903710686,-1.1020463903710687,30,validation
T000170,XAGUSD,up,2025-11-10 02:00:00,2025-11-10 14:00:00,1r_partial_trail,1.7313301919507222,1.7013301919507222,12,validation
T000171,XAGUSD,up,2025-12-09 15:00:00,2025-12-10 23:00:00,1r_partial_time,2.809837753458326,2.779837753458326,30,validation
T000172,XAGUSD,up,2026-01-28 23:00:00,2026-01-30 06:00:00,1r_partial_time,-8.384678796943918,-8.414678796943917,30,test
T000173,XAGUSD,up,2026-01-28 21:00:00,2026-01-29 15:00:00,1r_partial_stop,-5.405937880111705,-5.435937880111705,17,test
T000174,XAGUSD,up,2026-02-11 06:00:00,2026-02-12 13:00:00,1r_partial_time,-0.45453455182174196,-0.484534551821742,30,test
T000175,XAGUSD,up,2026-02-20 08:00:00,2026-02-22 23:00:00,1r_partial_trail,5.4316546762589955,5.401654676258995,14,test
T000176,XAGUSD,up,2026-02-20 09:00:00,2026-02-22 23:00:00,1r_partial_trail,5.277096585463017,5.247096585463017,13,test
T000177,XAGUSD,up,2026-05-24 22:00:00,2026-05-26 07:00:00,1r_partial_time,-1.804488085751737,-1.834488085751737,30,test
T000178,US30,down,2024-06-13 13:00:00,2024-06-14 20:00:00,1r_partial_time,-0.173998857320937,-0.193998857320937,30,train
T000179,US30,down,2024-06-14 09:00:00,2024-06-16 22:00:00,1r_partial_stop,-0.9610876699484294,-0.9810876699484294,12,train
T000180,US30,up,2024-07-08 12:00:00,2024-07-09 14:00:00,1r_partial_stop,-0.7365510306686777,-0.7565510306686777,25,train
T000181,US30,up,2024-09-27 12:00:00,2024-09-27 14:00:00,1r_partial_trail,0.4690981587897267,0.4490981587897267,2,train
T000182,US30,down,2024-10-30 23:00:00,2024-10-31 14:00:00,1r_partial_trail,0.688750797438745,0.668750797438745,15,train
T000183,US30,up,2025-02-05 16:00:00,2025-02-06 11:00:00,1r_partial_trail,0.6199084923557638,0.5999084923557638,18,train
T000184,US30,down,2025-04-15 22:00:00,2025-04-16 17:00:00,1r_partial_trail,1.100022260146917,1.080022260146917,19,train
T000185,US30,up,2025-05-08 03:00:00,2025-05-09 10:00:00,1r_partial_time,0.14235734105440948,0.12235734105440947,30,train
T000186,US30,up,2025-08-07 09:00:00,2025-08-07 14:00:00,1r_partial_stop,-0.9517823471311844,-0.9717823471311844,5,train
T000187,US30,up,2025-09-11 13:00:00,2025-09-12 20:00:00,1r_partial_time,-0.22194177292310371,-0.2419417729231037,30,validation
T000188,US30,up,2025-09-22 14:00:00,2025-09-23 13:00:00,1r_partial_trail,0.5313906149560745,0.5113906149560745,22,validation
T000189,US30,down,2025-09-25 11:00:00,2025-09-26 18:00:00,1r_partial_time,-0.5478624735774988,-0.5678624735774989,30,validation
T000190,US30,up,2025-11-25 15:00:00,2025-11-26 23:00:00,1r_partial_time,1.403246475865015,1.383246475865015,30,validation
T000191,US30,up,2026-01-05 14:00:00,2026-01-06 21:00:00,1r_partial_time,1.2393919042676598,1.2193919042676598,30,validation
T000192,US30,down,2026-02-12 16:00:00,2026-02-16 00:00:00,1r_partial_time,0.14893231630003823,0.12893231630003824,30,test
T000193,US30,down,2026-03-05 15:00:00,2026-03-06 13:00:00,1r_partial_trail,1.3013641743319284,1.2813641743319284,21,test
T000194,US30,up,2026-05-14 08:00:00,2026-05-15 15:00:00,1r_partial_time,-0.7198416348403351,-0.7398416348403352,30,test
T000195,US500,up,2024-08-13 12:00:00,2024-08-14 14:00:00,1r_partial_trail,0.9045481885902004,0.8845481885902003,25,train
T000196,US500,down,2024-10-31 02:00:00,2024-10-31 19:00:00,1r_partial_trail,1.0858845725066462,1.0658845725066461,17,train
T000197,US500,up,2024-11-24 23:00:00,2024-11-26 06:00:00,1r_partial_time,-0.016642396505096736,-0.036642396505096736,30,train
T000198,US500,up,2025-02-05 20:00:00,2025-02-07 04:00:00,1r_partial_time,0.2423694696627367,0.2223694696627367,30,train
T000199,US500,up,2025-02-05 18:00:00,2025-02-07 02:00:00,1r_partial_time,0.5309515969706947,0.5109515969706947,30,train
T000200,US500,down,2025-02-20 14:00:00,2025-02-21 17:00:00,1r_partial_trail,0.617157804389586,0.597157804389586,26,train
T000201,US500,down,2025-04-15 22:00:00,2025-04-16 17:00:00,1r_partial_trail,1.3892110023656015,1.3692110023656014,19,train
T000202,US500,up,2025-05-08 03:00:00,2025-05-09 10:00:00,1r_partial_time,0.05705257614324585,0.03705257614324585,30,train
T000203,US500,up,2025-05-12 00:00:00,2025-05-12 07:00:00,1r_partial_trail,1.3073244946750706,1.2873244946750706,7,train
T000204,US500,up,2025-07-02 19:00:00,2025-07-04 02:00:00,1r_partial_trail,0.651394422310757,0.6313944223107569,26,train
T000205,US500,up,2025-08-12 14:00:00,2025-08-13 22:00:00,1r_partial_time,0.7570463545306313,0.7370463545306313,30,train
T000206,US500,up,2025-09-09 19:00:00,2025-09-10 12:00:00,1r_partial_trail,0.45238460358840665,0.43238460358840664,16,validation
T000207,US500,up,2025-09-09 20:00:00,2025-09-11 04:00:00,1r_partial_time,0.13781486869305565,0.11781486869305564,30,validation
T000208,US500,up,2025-09-11 13:00:00,2025-09-12 20:00:00,1r_partial_time,0.24346635218929508,0.2234663521892951,30,validation
T000209,US500,up,2025-09-11 14:00:00,2025-09-14 22:00:00,1r_partial_time,0.9532490220652463,0.9332490220652463,30,validation
T000210,US500,down,2026-02-12 16:00:00,2026-02-16 00:00:00,1r_partial_time,0.3123184195235328,0.29231841952353277,30,test
T000211,US500,down,2026-02-12 15:00:00,2026-02-12 19:00:00,1r_partial_trail,0.6895804751245578,0.6695804751245578,4,test
T000212,US500,up,2026-02-25 11:00:00,2026-02-26 18:00:00,1r_partial_time,-0.3213692496569654,-0.3413692496569654,30,test
T000213,US500,up,2026-02-25 12:00:00,2026-02-26 19:00:00,1r_partial_time,-0.11550678602367889,-0.13550678602367888,30,test
T000214,US500,down,2026-03-06 13:00:00,2026-03-09 08:00:00,1r_partial_trail,1.7411690574150267,1.7211690574150267,19,test
T000215,US500,down,2026-03-11 22:00:00,2026-03-13 05:00:00,1r_partial_time,0.715716086924275,0.695716086924275,30,test
T000216,US500,down,2026-03-11 23:00:00,2026-03-13 06:00:00,1r_partial_time,0.9028422812558053,0.8828422812558053,30,test
T000217,US500,down,2026-03-26 08:00:00,2026-03-26 20:00:00,1r_partial_trail,0.9533818071650383,0.9333818071650383,12,test
T000218,US500,up,2026-05-27 09:00:00,2026-05-27 15:00:00,1r_partial_stop,-0.5688018783689938,-0.5888018783689938,6,test
T000219,GER40,up,2024-06-20 13:00:00,2024-06-24 03:00:00,1r_partial_time,-0.31006065221530177,-0.3300606522153018,30,train
T000220,GER40,down,2024-07-02 08:00:00,2024-07-03 18:00:00,1r_partial_time,-1.287893257660509,-1.3078932576605091,30,train
T000221,GER40,down,2024-07-02 07:00:00,2024-07-03 17:00:00,1r_partial_time,-1.2162862363304154,-1.2362862363304155,30,train
T000222,GER40,down,2024-07-09 10:00:00,2024-07-11 00:00:00,1r_partial_time,-0.1833229989485887,-0.20332299894858868,30,train
T000223,GER40,down,2024-08-01 07:00:00,2024-08-02 08:00:00,1r_partial_trail,1.830079556870944,1.810079556870944,21,train
T000224,GER40,up,2024-09-19 02:00:00,2024-09-20 12:00:00,1r_partial_time,-0.18907066516110396,-0.20907066516110395,30,train
T000225,GER40,up,2025-01-07 12:00:00,2025-01-09 02:00:00,1r_partial_time,0.22008656738317073,0.20008656738317074,30,train
T000226,GER40,up,2025-01-15 10:00:00,2025-01-15 13:00:00,1r_partial_trail,0.7638330531393904,0.7438330531393904,3,train
T000227,GER40,up,2025-04-15 07:00:00,2025-04-16 17:00:00,1r_partial_time,-0.7198111664212765,-0.7398111664212765,30,train
T000228,GER40,up,2025-05-12 00:00:00,2025-05-13 10:00:00,1r_partial_time,-0.3914553298958224,-0.4114553298958224,30,train
T000229,GER40,up,2025-05-27 07:00:00,2025-05-28 17:00:00,1r_partial_time,-0.1737583517779203,-0.19375835177792028,30,train
T000230,GER40,up,2025-07-31 03:00:00,2025-07-31 13:00:00,1r_partial_stop,-0.7949679349273671,-0.8149679349273671,10,train
T000231,GER40,up,2025-08-14 09:00:00,2025-08-15 07:00:00,1r_partial_trail,0.6955145986151349,0.6755145986151349,18,train
T000232,GER40,down,2025-10-29 14:00:00,2025-10-31 02:00:00,1r_partial_time,0.0867177337765573,0.06671773377655729,30,validation
T000233,GER40,down,2026-01-19 00:00:00,2026-01-20 09:00:00,1r_partial_time,1.5703780465931962,1.5503780465931962,30,test
T000234,GER40,down,2026-06-01 13:00:00,2026-06-02 07:00:00,1r_partial_stop,-1.3221418698291232,-1.3421418698291232,14,test
T000235,GER40,up,2026-06-01 11:00:00,2026-06-01 13:00:00,1r_partial_stop,-0.8231918472345898,-0.8431918472345898,2,test
T000236,UK100,down,2024-07-02 06:00:00,2024-07-03 16:00:00,1r_partial_time,-0.6058010035491372,-0.6258010035491373,30,train
T000237,UK100,up,2024-08-29 10:00:00,2024-09-02 00:00:00,1r_partial_time,0.24426571343461423,0.22426571343461424,30,train
T000238,UK100,up,2024-09-13 19:00:00,2024-09-16 06:00:00,1r_partial_trail,0.5986127864897467,0.5786127864897467,7,train
T000239,UK100,down,2024-11-08 09:00:00,2024-11-11 19:00:00,1r_partial_time,-0.4935225169648365,-0.5135225169648365,30,train
T000240,UK100,down,2024-11-08 08:00:00,2024-11-11 18:00:00,1r_partial_time,0.09817155479199902,0.07817155479199901,30,train
T000241,UK100,up,2024-12-03 08:00:00,2024-12-04 18:00:00,1r_partial_time,-0.5248091603053435,-0.5448091603053435,30,train
T000242,UK100,up,2025-01-30 11:00:00,2025-02-03 01:00:00,1r_partial_time,-0.4427872290841296,-0.4627872290841296,30,train
T000243,UK100,up,2025-01-30 10:00:00,2025-01-30 15:00:00,1r_partial_trail,0.5688448074679113,0.5488448074679113,5,train
T000244,UK100,down,2025-03-06 08:00:00,2025-03-07 18:00:00,1r_partial_time,-0.5404783808647654,-0.5604783808647654,30,train
T000245,UK100,up,2025-04-22 15:00:00,2025-04-24 05:00:00,1r_partial_time,0.37692952016273784,0.3569295201627378,30,train
T000246,UK100,up,2025-05-15 14:00:00,2025-05-19 04:00:00,1r_partial_time,0.40551500405515,0.38551500405515,30,train
T000247,UK100,down,2025-06-19 06:00:00,2025-06-20 16:00:00,1r_partial_time,0.583106884057971,0.5631068840579709,30,train
T000248,UK100,down,2025-07-01 09:00:00,2025-07-01 16:00:00,1r_partial_stop,-0.7653644048435001,-0.7853644048435001,7,train
T000249,UK100,up,2025-07-22 15:00:00,2025-07-23 15:00:00,1r_partial_trail,0.49291094373061584,0.4729109437306158,20,train
T000250,UK100,up,2025-09-11 15:00:00,2025-09-15 05:00:00,1r_partial_time,0.2682979180081563,0.2482979180081563,30,validation
T000251,UK100,up,2025-10-08 09:00:00,2025-10-09 19:00:00,1r_partial_time,-0.4175583276788976,-0.43755832767889763,30,validation
T000252,UK100,up,2025-10-08 07:00:00,2025-10-08 13:00:00,1r_partial_trail,0.470760539805419,0.45076053980541897,6,validation
T000253,UK100,down,2025-12-05 20:00:00,2025-12-09 10:00:00,1r_partial_time,0.031006149552994675,0.011006149552994674,30,validation
T000254,UK100,up,2025-12-19 14:00:00,2025-12-23 04:00:00,1r_partial_time,-0.1464350636235104,-0.16643506362351038,30,validation
T000255,UK100,up,2026-02-17 08:00:00,2026-02-17 18:00:00,1r_partial_trail,0.514074427480916,0.494074427480916,10,test
T000256,UK100,up,2026-02-25 08:00:00,2026-02-26 18:00:00,1r_partial_time,0.9424303066970725,0.9224303066970725,30,test
T000257,UK100,down,2026-04-15 15:00:00,2026-04-16 11:00:00,1r_partial_stop,-0.7856872396819388,-0.8056872396819388,16,test
T000258,UK100,down,2026-04-21 12:00:00,2026-04-22 07:00:00,1r_partial_trail,0.9618111352679837,0.9418111352679837,15,test
T000259,UK100,down,2026-05-29 19:00:00,2026-06-02 09:00:00,1r_partial_time,-0.019253910950661854,-0.03925391095066186,30,test
T000260,UKOIL,up,2024-06-17 16:00:00,2024-06-19 02:00:00,1r_partial_time,2.00692868235576,1.9819286823557603,30,train
T000261,UKOIL,up,2024-07-12 07:00:00,2024-07-15 00:00:00,1r_partial_stop,-1.6502033701336454,-1.6752033701336453,14,train
T000262,UKOIL,up,2024-08-12 05:00:00,2024-08-12 15:00:00,1r_partial_trail,1.1886886886886834,1.1636886886886835,10,train
T000263,UKOIL,up,2024-08-12 06:00:00,2024-08-13 02:00:00,1r_partial_trail,1.8745313671582107,1.8495313671582108,18,train
T000264,UKOIL,down,2024-09-06 14:00:00,2024-09-10 01:00:00,1r_partial_time,-0.54492105630851,-0.56992105630851,30,train
T000265,UKOIL,up,2024-10-22 09:00:00,2024-10-23 17:00:00,1r_partial_time,0.33431398769724524,0.3093139876972452,30,train
T000266,UKOIL,down,2024-11-15 06:00:00,2024-11-18 15:00:00,1r_partial_time,-1.912873499022606,-1.9378734990226059,30,train
T000267,UKOIL,up,2024-11-29 14:00:00,2024-12-02 01:00:00,1r_partial_stop,-1.737108466694017,-1.762108466694017,5,train
T000268,UKOIL,down,2024-12-23 15:00:00,2024-12-24 15:00:00,1r_partial_stop,-2.118762196821871,-2.143762196821871,22,train
T000269,UKOIL,down,2025-01-29 09:00:00,2025-01-30 17:00:00,1r_partial_time,-0.07918701332981691,-0.10418701332981692,30,train
T000270,UKOIL,down,2025-03-28 20:00:00,2025-03-31 08:00:00,1r_partial_stop,-1.3394090030378332,-1.364409003037833,9,train
T000271,UKOIL,down,2025-05-27 13:00:00,2025-05-28 15:00:00,1r_partial_stop,-1.5546482412060332,-1.579648241206033,24,train
T000272,UKOIL,down,2025-05-27 14:00:00,2025-05-28 15:00:00,1r_partial_stop,-2.3425134536245595,-2.3675134536245594,23,train
T000273,UKOIL,up,2025-07-02 09:00:00,2025-07-02 17:00:00,1r_partial_trail,1.6380712912291107,1.6130712912291107,8,train
T000274,UKOIL,up,2025-10-08 01:00:00,2025-10-09 09:00:00,1r_partial_time,0.30353619669145976,0.27853619669145974,30,validation
T000275,UKOIL,down,2025-10-09 15:00:00,2025-10-10 10:00:00,1r_partial_trail,1.3073639274279532,1.2823639274279532,17,validation
T000276,UKOIL,down,2025-12-26 13:00:00,2025-12-26 19:00:00,1r_partial_trail,1.395179553542544,1.370179553542544,6,validation
T000277,UKOIL,up,2026-02-11 08:00:00,2026-02-12 15:00:00,1r_partial_stop,-1.6235632183907982,-1.6485632183907981,29,test
T000278,UKOIL,up,2026-03-18 12:00:00,2026-03-19 08:00:00,1r_partial_trail,5.783288609234756,5.758288609234755,18,test
T000279,UKOIL,up,2026-04-21 14:00:00,2026-04-21 19:00:00,1r_partial_trail,3.3157459135112823,3.2907459135112824,5,test
T000280,ETHUSD,down,2024-06-23 15:00:00,2024-06-23 20:00:00,1r_partial_trail,1.2376751277521136,1.1876751277521136,5,train
T000281,ETHUSD,up,2024-06-27 12:00:00,2024-06-28 18:00:00,1r_partial_time,-1.578721803853645,-1.628721803853645,30,train
T000282,ETHUSD,up,2024-10-06 12:00:00,2024-10-07 00:00:00,1r_partial_trail,1.6497210984683102,1.5997210984683101,12,train
T000283,ETHUSD,up,2024-11-21 12:00:00,2024-11-22 18:00:00,1r_partial_time,-0.0694484634527522,-0.1194484634527522,30,train
T000284,ETHUSD,up,2024-11-30 05:00:00,2024-12-01 11:00:00,1r_partial_time,-0.01652113622082185,-0.06652113622082186,30,train
T000285,ETHUSD,down,2024-12-26 07:00:00,2024-12-27 13:00:00,1r_partial_time,1.0156384912353698,0.9656384912353697,30,train
T000286,ETHUSD,down,2025-03-26 13:00:00,2025-03-27 19:00:00,1r_partial_time,1.2444632974578036,1.1944632974578036,30,train
T000287,ETHUSD,down,2025-04-06 12:00:00,2025-04-06 16:00:00,1r_partial_trail,2.3416955260860957,2.291695526086096,4,train
T000288,ETHUSD,up,2025-06-29 10:00:00,2025-06-29 21:00:00,1r_partial_stop,-1.490939145091744,-1.540939145091744,11,train
T000289,ETHUSD,up,2025-09-10 12:00:00,2025-09-11 12:00:00,1r_partial_trail,1.7941589833270806,1.7441589833270805,24,validation
T000290,ETHUSD,up,2025-10-05 03:00:00,2025-10-06 09:00:00,1r_partial_time,0.9298517048752681,0.8798517048752681,30,validation
T000291,ETHUSD,down,2025-11-03 02:00:00,2025-11-03 06:00:00,1r_partial_trail,2.2382262715100127,2.188226271510013,4,validation
T000292,ETHUSD,down,2025-11-03 01:00:00,2025-11-03 03:00:00,1r_partial_trail,1.8752102034378249,1.8252102034378248,2,validation
T000293,ETHUSD,up,2025-11-26 17:00:00,2025-11-27 23:00:00,1r_partial_time,-0.3828048554729831,-0.4328048554729831,30,validation
T000294,ETHUSD,up,2025-12-09 15:00:00,2025-12-10 19:00:00,1r_partial_trail,4.1926848963791254,4.142684896379126,28,validation
T000295,ETHUSD,down,2025-12-12 15:00:00,2025-12-13 21:00:00,1r_partial_time,-1.3392580816455402,-1.3892580816455402,30,validation
T000296,ETHUSD,up,2025-12-29 00:00:00,2025-12-29 02:00:00,1r_partial_trail,1.2366003321227519,1.1866003321227518,2,validation
T000297,ETHUSD,down,2026-01-25 17:00:00,2026-01-26 23:00:00,1r_partial_time,-1.6176092589633742,-1.6676092589633742,30,test
T000298,ETHUSD,down,2026-01-25 07:00:00,2026-01-25 16:00:00,1r_partial_trail,1.3381717277772434,1.2881717277772433,9,test
T000299,ETHUSD,down,2026-02-22 13:00:00,2026-02-23 01:00:00,1r_partial_trail,3.200141624162314,3.1501416241623144,12,test
T000300,ETHUSD,up,2026-03-04 08:00:00,2026-03-04 22:00:00,1r_partial_trail,4.925827172463942,4.875827172463942,14,test
T000301,ETHUSD,down,2026-03-06 13:00:00,2026-03-07 19:00:00,1r_partial_time,3.226972478881333,3.1769724788813334,30,test
T000302,ETHUSD,down,2026-04-05 06:00:00,2026-04-05 22:00:00,1r_partial_stop,-2.0507534481912324,-2.100753448191232,16,test
T000303,ETHUSD,up,2026-04-17 13:00:00,2026-04-18 19:00:00,1r_partial_time,-3.6433526556968125,-3.6933526556968124,30,test
T000304,ETHUSD,up,2026-04-26 07:00:00,2026-04-26 18:00:00,1r_partial_trail,1.0674393466250294,1.0174393466250293,11,test
T000305,ETHUSD,down,2026-05-22 18:00:00,2026-05-23 07:00:00,1r_partial_trail,2.7504899880304583,2.7004899880304585,13,test
