experiment_id,state_pattern,direction,hold_bars,total_samples,win_rate,avg_return,profit_factor,sharpe_ratio,max_drawdown,score,yearly_stability,market_stability
exp_h1_H1_-F_short_5_20260604_085000,H1=-F,short,5,21779,92.8%,0.6594,25.12,31.18,0.5%,97.1,"{""2024"": 0.9357366771159875, ""2025"": 0.9320439100888657, ""2026"": 0.9233980582524272}","{""#ABBVIE"": 0.9815950920245399, ""#ADOBE"": 0.8909090909090909, ""#AIRBNB"": 0.8947368421052632, ""#ALIBABA"": 0.9067796610169492, ""#AMAZON"": 0.9313725490196079, ""#AMD"": 0.9123711340206185, ""#APPLE"": 0.9302325581395349, ""#BAIDU"": 0.8927444794952681, ""#BERKSHIRE"": 0.9124423963133641, ""#BLACKROCK"": 0.9287833827893175, ""#BOEING"": 0.9541284403669725, ""#BROADCOM"": 0.9384057971014492, ""#CHEVRON"": 0.926829268292683, ""#CISCO"": 0.9281045751633987, ""#CITIGROUP"": 0.8975265017667845, ""#COINBASE"": 0.9282296650717703, ""#COSTCO"": 0.9175627240143369, ""#DISNEY"": 0.9076433121019108, ""#GOOGLE"": 0.9393939393939394, ""#HOMEDEPOT"": 0.93125, ""#INTEL"": 0.9250814332247557, ""#MASTERCARD"": 0.8924205378973105, ""#MCDONALDS"": 0.9547511312217195, ""#MERCK"": 0.9250814332247557, ""#META"": 0.9327485380116959, ""#MICROSOFT"": 0.9406175771971497, ""#NETFLIX"": 0.9241573033707865, ""#NIKE"": 0.9220055710306406, ""#NVIDIA"": 0.9596273291925466, ""#ORACLE"": 0.9398907103825137, ""#PEPSICO"": 0.9301075268817204, ""#PFIZER"": 0.8885017421602788, ""#PINDUODUO"": 0.9568965517241379, ""#QUALCOMM"": 0.9361022364217252, ""#SALESFORCE"": 0.9275053304904051, ""#SNAPCHAT"": 0.9478260869565217, ""#SONY"": 0.9129129129129129, ""#STARBUCKS"": 0.9134328358208955, ""#TAIWANSEMI"": 0.9210526315789473, ""#TARGET"": 0.9295774647887324, ""#TESLA"": 0.9407894736842105, ""#THERMOFISHER"": 0.9368421052631579, ""#UBER"": 0.9196787148594378, ""#VERIZON"": 0.9421768707482994, ""#VISA"": 0.9127906976744186, ""#ZOOM"": 0.9240924092409241, ""BRENT_OIL"": 0.8997289972899729, ""BTCUSD"": 0.935064935064935, ""CHINA_A50"": 0.9552238805970149, ""CHINA_INTERNET"": 0.8978723404255319, ""EUROPE_50"": 0.9026128266033254, ""EURUSD"": 0.9285714285714286, ""FRANCE_40"": 0.9379310344827586, ""GBPUSD"": 0.926923076923077, ""GER30"": 0.9228971962616822, ""GERMANY_TECH30"": 0.9304347826086956, ""HK_50"": 0.9335347432024169, ""ITALY_40"": 0.948019801980198, ""JP225"": 0.9369627507163324, ""NATURAL_GAS"": 0.9247787610619469, ""SILVER"": 0.9615384615384616, ""SWISS_20"": 0.9518072289156626, ""UK_100"": 0.9098143236074271, ""USDJPY"": 0.947136563876652, ""USOIL"": 0.952513966480447, ""US_30"": 0.9279538904899135, ""US_500"": 0.9304347826086956, ""US_TECH100"": 0.9438202247191011, ""XAUUSD"": 0.9885496183206107}"
exp_h1_D1_8_H4_8_H1_-F_short_5_20260604_092015,"D1=8,H4=8,H1=-F",short,5,5171,93.6%,0.6694,27.15,32.59,1.2%,96.2,"{""2024"": 0.9357366771159875, ""2025"": 0.9357342440235952, ""2026"": 0.9722222222222222}","{""#ABBVIE"": 0.9782608695652174, ""#ADOBE"": 0.9240506329113924, ""#AIRBNB"": 0.8842975206611571, ""#ALIBABA"": 0.9782608695652174, ""#AMAZON"": 0.9444444444444444, ""#AMD"": 0.9333333333333333, ""#APPLE"": 0.9491525423728814, ""#BAIDU"": 0.8045977011494253, ""#BERKSHIRE"": 0.9130434782608695, ""#BLACKROCK"": 0.956989247311828, ""#BOEING"": 0.9245283018867925, ""#BROADCOM"": 0.9183673469387755, ""#CHEVRON"": 0.9224806201550387, ""#CISCO"": 0.8958333333333334, ""#CITIGROUP"": 0.9753086419753086, ""#COINBASE"": 0.9104477611940298, ""#COSTCO"": 0.9090909090909091, ""#DISNEY"": 0.9259259259259259, ""#GOOGLE"": 0.9528301886792453, ""#HOMEDEPOT"": 0.9594594594594594, ""#INTEL"": 0.9557522123893806, ""#MASTERCARD"": 1.0, ""#MCDONALDS"": 0.9516129032258065, ""#MERCK"": 0.9117647058823529, ""#META"": 0.8918918918918919, ""#MICROSOFT"": 0.975609756097561, ""#NETFLIX"": 0.8653846153846154, ""#NIKE"": 0.954954954954955, ""#NVIDIA"": 0.9323308270676691, ""#ORACLE"": 0.9328358208955224, ""#PEPSICO"": 0.911504424778761, ""#PFIZER"": 0.8309859154929577, ""#PINDUODUO"": 0.9425287356321839, ""#QUALCOMM"": 0.9690721649484536, ""#SALESFORCE"": 0.9694656488549618, ""#SNAPCHAT"": 0.8571428571428571, ""#SONY"": 0.9444444444444444, ""#STARBUCKS"": 0.9318181818181818, ""#TAIWANSEMI"": 0.9727272727272728, ""#TARGET"": 0.9222222222222223, ""#TESLA"": 0.94, ""#THERMOFISHER"": 0.9555555555555556, ""#UBER"": 0.9361702127659575, ""#VERIZON"": 0.9555555555555556, ""#VISA"": 0.9682539682539683, ""#ZOOM"": 0.972972972972973, ""BRENT_OIL"": 1.0, ""BTCUSD"": 0.96, ""CHINA_A50"": 0.9375, ""CHINA_INTERNET"": 0.9016393442622951, ""EUROPE_50"": 0.9555555555555556, ""EURUSD"": 1.0, ""FRANCE_40"": 0.9295774647887324, ""GBPUSD"": 1.0, ""GER30"": 0.9444444444444444, ""GERMANY_TECH30"": 1.0, ""HK_50"": 1.0, ""ITALY_40"": 0.9259259259259259, ""JP225"": 0.95, ""NATURAL_GAS"": 0.9090909090909091, ""SILVER"": 0.9411764705882353, ""SWISS_20"": 0.9473684210526315, ""UK_100"": 1.0, ""USDJPY"": 1.0, ""USOIL"": 0.9666666666666667, ""US_30"": 0.9285714285714286, ""US_500"": 0.896551724137931, ""US_TECH100"": 0.9714285714285714, ""XAUUSD"": 1.0}"
exp_h1_H4_-F_H1_-F_short_5_20260604_085127,"H4=-F,H1=-F",short,5,6407,92.8%,0.6599,25.39,31.23,1.6%,95.4,"{""2025"": 0.9331993972877951, ""2026"": 0.9250452898550725}","{""#ABBVIE"": 0.9821428571428571, ""#ADOBE"": 0.8870967741935484, ""#AIRBNB"": 0.8571428571428571, ""#ALIBABA"": 0.9078947368421053, ""#AMAZON"": 0.9863013698630136, ""#AMD"": 0.8674698795180723, ""#APPLE"": 0.8529411764705882, ""#BAIDU"": 0.8837209302325582, ""#BERKSHIRE"": 0.9428571428571428, ""#BLACKROCK"": 0.9537037037037037, ""#BOEING"": 0.975609756097561, ""#BROADCOM"": 0.9791666666666666, ""#CHEVRON"": 0.8961038961038961, ""#CISCO"": 0.9230769230769231, ""#CITIGROUP"": 0.8222222222222222, ""#COINBASE"": 0.9857142857142858, ""#COSTCO"": 0.8913043478260869, ""#DISNEY"": 0.8775510204081632, ""#GOOGLE"": 1.0, ""#HOMEDEPOT"": 0.9122807017543859, ""#INTEL"": 0.75, ""#MASTERCARD"": 0.8703703703703703, ""#MCDONALDS"": 1.0, ""#MERCK"": 0.96, ""#META"": 0.978494623655914, ""#MICROSOFT"": 0.9461538461538461, ""#NETFLIX"": 0.9885057471264368, ""#NIKE"": 0.9473684210526315, ""#NVIDIA"": 0.9411764705882353, ""#ORACLE"": 0.95, ""#PEPSICO"": 0.9512195121951219, ""#PFIZER"": 0.9482758620689655, ""#PINDUODUO"": 0.9577464788732394, ""#QUALCOMM"": 0.9736842105263158, ""#SALESFORCE"": 0.9154929577464789, ""#SNAPCHAT"": 0.9494949494949495, ""#SONY"": 0.847457627118644, ""#STARBUCKS"": 0.8354430379746836, ""#TAIWANSEMI"": 0.8953488372093024, ""#TARGET"": 0.8888888888888888, ""#TESLA"": 0.7142857142857143, ""#THERMOFISHER"": 0.9523809523809523, ""#UBER"": 1.0, ""#VERIZON"": 0.9425287356321839, ""#VISA"": 0.9166666666666666, ""#ZOOM"": 0.9512195121951219, ""BRENT_OIL"": 0.8571428571428571, ""BTCUSD"": 1.0, ""CHINA_A50"": 0.9629629629629629, ""CHINA_INTERNET"": 0.8969072164948454, ""EUROPE_50"": 0.9036144578313253, ""EURUSD"": 0.9310344827586207, ""FRANCE_40"": 0.9302325581395349, ""GBPUSD"": 0.9148936170212766, ""GER30"": 0.9254658385093167, ""GERMANY_TECH30"": 0.9036144578313253, ""HK_50"": 0.8951612903225806, ""ITALY_40"": 0.9602272727272727, ""JP225"": 0.9565217391304348, ""NATURAL_GAS"": 0.8769230769230769, ""SILVER"": 0.9803921568627451, ""SWISS_20"": 0.9366197183098591, ""UK_100"": 0.9013157894736842, ""USDJPY"": 0.9279279279279279, ""USOIL"": 0.9324324324324325, ""US_30"": 0.9605263157894737, ""US_500"": 0.9230769230769231, ""US_TECH100"": 0.9513513513513514, ""XAUUSD"": 0.9897959183673469}"
exp_h1_D1_-F_H4_-F_H1_-F_short_5_20260604_091944,"D1=-F,H4=-F,H1=-F",short,5,1330,91.7%,0.6501,21.16,29.13,2.5%,93.8,"{""2026"": 0.9172932330827067}","{""#ABBVIE"": 1.0, ""#ADOBE"": 0.8372093023255814, ""#AIRBNB"": 1.0, ""#ALIBABA"": 0.7857142857142857, ""#AMAZON"": 1.0, ""#AMD"": 0.8666666666666667, ""#BAIDU"": 1.0, ""#BERKSHIRE"": 0.8333333333333334, ""#BLACKROCK"": 1.0, ""#BOEING"": 1.0, ""#CHEVRON"": 1.0, ""#CISCO"": 0.6666666666666666, ""#CITIGROUP"": 0.8888888888888888, ""#COINBASE"": 0.95, ""#COSTCO"": 0.5714285714285714, ""#DISNEY"": 1.0, ""#GOOGLE"": 1.0, ""#HOMEDEPOT"": 0.8157894736842105, ""#MASTERCARD"": 1.0, ""#MCDONALDS"": 1.0, ""#META"": 1.0, ""#MICROSOFT"": 0.9166666666666666, ""#NETFLIX"": 1.0, ""#NIKE"": 0.9629629629629629, ""#ORACLE"": 1.0, ""#PEPSICO"": 1.0, ""#PFIZER"": 1.0, ""#QUALCOMM"": 1.0, ""#SALESFORCE"": 0.84, ""#SNAPCHAT"": 0.8947368421052632, ""#SONY"": 1.0, ""#STARBUCKS"": 1.0, ""#TAIWANSEMI"": 0.6842105263157895, ""#TARGET"": 1.0, ""#THERMOFISHER"": 0.9130434782608695, ""#UBER"": 1.0, ""#VERIZON"": 1.0, ""#VISA"": 1.0, ""#ZOOM"": 1.0, ""BRENT_OIL"": 0.8620689655172413, ""CHINA_A50"": 1.0, ""CHINA_INTERNET"": 0.9130434782608695, ""EUROPE_50"": 0.8767123287671232, ""EURUSD"": 0.9545454545454546, ""FRANCE_40"": 0.90625, ""GBPUSD"": 1.0, ""GER30"": 0.9125, ""GERMANY_TECH30"": 0.90625, ""HK_50"": 0.8676470588235294, ""ITALY_40"": 0.88, ""JP225"": 1.0, ""SWISS_20"": 0.9397590361445783, ""UK_100"": 0.9285714285714286, ""USDJPY"": 0.875, ""US_30"": 0.9841269841269841, ""US_500"": 1.0, ""XAUUSD"": 0.9523809523809523}"
exp_h1_D1_8_H4_8_H1_-F_short_10_20260604_092023,"D1=8,H4=8,H1=-F",short,10,5171,85.6%,0.5380,14.81,21.70,1.5%,93.5,"{""2024"": 0.85423197492163, ""2025"": 0.8550139708165166, ""2026"": 0.9722222222222222}","{""#ABBVIE"": 0.9347826086956522, ""#ADOBE"": 0.9873417721518988, ""#AIRBNB"": 0.8264462809917356, ""#ALIBABA"": 0.9130434782608695, ""#AMAZON"": 0.8055555555555556, ""#AMD"": 0.8074074074074075, ""#APPLE"": 0.8305084745762712, ""#BAIDU"": 0.5632183908045977, ""#BERKSHIRE"": 0.8804347826086957, ""#BLACKROCK"": 0.9032258064516129, ""#BOEING"": 0.8679245283018868, ""#BROADCOM"": 0.8469387755102041, ""#CHEVRON"": 0.7829457364341085, ""#CISCO"": 0.8125, ""#CITIGROUP"": 0.8888888888888888, ""#COINBASE"": 0.7910447761194029, ""#COSTCO"": 0.8383838383838383, ""#DISNEY"": 0.8765432098765432, ""#GOOGLE"": 0.9056603773584906, ""#HOMEDEPOT"": 0.8513513513513513, ""#INTEL"": 0.8849557522123894, ""#MASTERCARD"": 0.9560439560439561, ""#MCDONALDS"": 0.8870967741935484, ""#MERCK"": 0.8627450980392157, ""#META"": 0.8018018018018018, ""#MICROSOFT"": 0.9349593495934959, ""#NETFLIX"": 0.7692307692307693, ""#NIKE"": 0.8738738738738738, ""#NVIDIA"": 0.849624060150376, ""#ORACLE"": 0.8955223880597015, ""#PEPSICO"": 0.8230088495575221, ""#PFIZER"": 0.6619718309859155, ""#PINDUODUO"": 0.8390804597701149, ""#QUALCOMM"": 0.8762886597938144, ""#SALESFORCE"": 0.9007633587786259, ""#SNAPCHAT"": 0.7285714285714285, ""#SONY"": 0.8777777777777778, ""#STARBUCKS"": 0.8977272727272727, ""#TAIWANSEMI"": 0.8636363636363636, ""#TARGET"": 0.8333333333333334, ""#TESLA"": 0.81, ""#THERMOFISHER"": 0.9222222222222223, ""#UBER"": 0.8297872340425532, ""#VERIZON"": 0.8555555555555555, ""#VISA"": 0.9206349206349206, ""#ZOOM"": 0.8378378378378378, ""BRENT_OIL"": 0.85, ""BTCUSD"": 0.96, ""CHINA_A50"": 0.9791666666666666, ""CHINA_INTERNET"": 0.7213114754098361, ""EUROPE_50"": 0.9111111111111111, ""EURUSD"": 1.0, ""FRANCE_40"": 0.7887323943661971, ""GBPUSD"": 1.0, ""GER30"": 0.8888888888888888, ""GERMANY_TECH30"": 0.9583333333333334, ""HK_50"": 0.9655172413793104, ""ITALY_40"": 0.8611111111111112, ""JP225"": 0.95, ""NATURAL_GAS"": 0.8787878787878788, ""SILVER"": 0.7647058823529411, ""SWISS_20"": 0.8771929824561403, ""UK_100"": 0.9696969696969697, ""USDJPY"": 1.0, ""USOIL"": 0.9, ""US_30"": 0.8571428571428571, ""US_500"": 0.8275862068965517, ""US_TECH100"": 0.8285714285714286, ""XAUUSD"": 0.9230769230769231}"
exp_h1_H1_-E_short_5_20260604_084910,H1=-E,short,5,10023,92.7%,0.6588,25.37,31.26,3.3%,92.9,"{""2024"": 0.9349064279902359, ""2025"": 0.9375390381011868, ""2026"": 0.9115509897268855}","{""#ABBVIE"": 0.9146341463414634, ""#ADOBE"": 0.9401709401709402, ""#AIRBNB"": 0.9455782312925171, ""#ALIBABA"": 0.9386281588447654, ""#AMAZON"": 0.9724137931034482, ""#AMD"": 0.9532710280373832, ""#APPLE"": 0.8947368421052632, ""#BAIDU"": 0.9123711340206185, ""#BERKSHIRE"": 0.9392265193370166, ""#BLACKROCK"": 0.935251798561151, ""#BOEING"": 0.9135135135135135, ""#BROADCOM"": 0.9606299212598425, ""#CHEVRON"": 0.9354838709677419, ""#CISCO"": 0.8939393939393939, ""#CITIGROUP"": 0.9156626506024096, ""#COINBASE"": 0.9685863874345549, ""#COSTCO"": 0.9273743016759777, ""#DISNEY"": 0.8671875, ""#GOOGLE"": 0.9562043795620438, ""#HOMEDEPOT"": 0.9620253164556962, ""#INTEL"": 0.9085365853658537, ""#MASTERCARD"": 0.8970588235294118, ""#MCDONALDS"": 0.9692307692307692, ""#MERCK"": 0.9560439560439561, ""#META"": 0.9430379746835443, ""#MICROSOFT"": 0.9439252336448598, ""#NETFLIX"": 0.8879310344827587, ""#NIKE"": 0.9354838709677419, ""#NVIDIA"": 0.8863636363636364, ""#ORACLE"": 0.9509803921568627, ""#PEPSICO"": 0.9602272727272727, ""#PFIZER"": 0.9178743961352657, ""#PINDUODUO"": 0.9375, ""#QUALCOMM"": 0.9172413793103448, ""#SALESFORCE"": 0.9672131147540983, ""#SNAPCHAT"": 0.9261363636363636, ""#SONY"": 0.9751243781094527, ""#STARBUCKS"": 0.9103448275862069, ""#TAIWANSEMI"": 0.9166666666666666, ""#TARGET"": 0.94, ""#TESLA"": 0.9437751004016064, ""#THERMOFISHER"": 0.9266666666666666, ""#UBER"": 0.9438202247191011, ""#VERIZON"": 0.95, ""#VISA"": 0.9066666666666666, ""#ZOOM"": 0.9240506329113924, ""BRENT_OIL"": 0.8585858585858586, ""BTCUSD"": 0.946360153256705, ""CHINA_A50"": 0.8725490196078431, ""CHINA_INTERNET"": 0.9285714285714286, ""EUROPE_50"": 0.946236559139785, ""EURUSD"": 0.9215686274509803, ""FRANCE_40"": 0.8658536585365854, ""GBPUSD"": 0.9421487603305785, ""GER30"": 0.9152542372881356, ""GERMANY_TECH30"": 0.9156626506024096, ""HK_50"": 0.8678414096916299, ""ITALY_40"": 0.9272727272727272, ""JP225"": 0.9469026548672567, ""NATURAL_GAS"": 0.8299319727891157, ""SILVER"": 0.9767441860465116, ""SWISS_20"": 0.9642857142857143, ""UK_100"": 0.9514563106796117, ""USDJPY"": 0.9705882352941176, ""USOIL"": 0.8791208791208791, ""US_30"": 0.8220858895705522, ""US_500"": 0.8811881188118812, ""US_TECH100"": 0.8947368421052632, ""XAUUSD"": 0.92}"
exp_h1_H1_-F_short_10_20260604_085018,H1=-F,short,10,21719,83.5%,0.5166,12.72,20.07,1.5%,92.9,"{""2024"": 0.85423197492163, ""2025"": 0.8460010454783063, ""2026"": 0.82197265625}","{""#ABBVIE"": 0.9316770186335404, ""#ADOBE"": 0.8136363636363636, ""#AIRBNB"": 0.7795031055900621, ""#ALIBABA"": 0.8135593220338984, ""#AMAZON"": 0.8443708609271523, ""#AMD"": 0.7912371134020618, ""#APPLE"": 0.8106312292358804, ""#BAIDU"": 0.7728706624605678, ""#BERKSHIRE"": 0.8248847926267281, ""#BLACKROCK"": 0.8528528528528528, ""#BOEING"": 0.8853211009174312, ""#BROADCOM"": 0.855072463768116, ""#CHEVRON"": 0.8319783197831978, ""#CISCO"": 0.8333333333333334, ""#CITIGROUP"": 0.7314487632508834, ""#COINBASE"": 0.8269230769230769, ""#COSTCO"": 0.8297101449275363, ""#DISNEY"": 0.7884615384615384, ""#GOOGLE"": 0.8669201520912547, ""#HOMEDEPOT"": 0.8, ""#INTEL"": 0.8157894736842105, ""#MASTERCARD"": 0.8092909535452323, ""#MCDONALDS"": 0.8904109589041096, ""#MERCK"": 0.8524590163934426, ""#META"": 0.8529411764705882, ""#MICROSOFT"": 0.8764845605700713, ""#NETFLIX"": 0.8422535211267606, ""#NIKE"": 0.8431372549019608, ""#NVIDIA"": 0.8850931677018633, ""#ORACLE"": 0.8761384335154827, ""#PEPSICO"": 0.8648648648648649, ""#PFIZER"": 0.7560975609756098, ""#PINDUODUO"": 0.9137931034482759, ""#QUALCOMM"": 0.8338658146964856, ""#SALESFORCE"": 0.815845824411135, ""#SNAPCHAT"": 0.8782608695652174, ""#SONY"": 0.8258258258258259, ""#STARBUCKS"": 0.8288288288288288, ""#TAIWANSEMI"": 0.7894736842105263, ""#TARGET"": 0.8220640569395018, ""#TESLA"": 0.7631578947368421, ""#THERMOFISHER"": 0.8786279683377308, ""#UBER"": 0.8032128514056225, ""#VERIZON"": 0.839041095890411, ""#VISA"": 0.8269794721407625, ""#ZOOM"": 0.8514851485148515, ""BRENT_OIL"": 0.8021680216802168, ""BTCUSD"": 0.8472222222222222, ""CHINA_A50"": 0.8992537313432836, ""CHINA_INTERNET"": 0.7811158798283262, ""EUROPE_50"": 0.7838479809976246, ""EURUSD"": 0.8403361344537815, ""FRANCE_40"": 0.832183908045977, ""GBPUSD"": 0.8923076923076924, ""GER30"": 0.8084112149532711, ""GERMANY_TECH30"": 0.8590308370044053, ""HK_50"": 0.851963746223565, ""ITALY_40"": 0.8316831683168316, ""JP225"": 0.828080229226361, ""NATURAL_GAS"": 0.8584070796460177, ""SILVER"": 0.8601398601398601, ""SWISS_20"": 0.8480243161094225, ""UK_100"": 0.7904509283819628, ""USDJPY"": 0.8590308370044053, ""USOIL"": 0.8435754189944135, ""US_30"": 0.8386167146974063, ""US_500"": 0.8289855072463768, ""US_TECH100"": 0.8539325842696629, ""XAUUSD"": 0.9312977099236641}"
exp_h1_H1_-6_short_5_20260604_084800,H1=-6,short,5,12548,87.3%,0.5683,12.40,21.48,3.2%,91.4,"{""2024"": 0.8734455010972934, ""2025"": 0.8720505617977528, ""2026"": 0.8754001477468604}","{""#ABBVIE"": 0.8675496688741722, ""#ADOBE"": 0.8636363636363636, ""#AIRBNB"": 0.8727272727272727, ""#ALIBABA"": 0.8779761904761905, ""#AMAZON"": 0.8631578947368421, ""#AMD"": 0.8571428571428571, ""#APPLE"": 0.8834355828220859, ""#BAIDU"": 0.84, ""#BERKSHIRE"": 0.908695652173913, ""#BLACKROCK"": 0.8737373737373737, ""#BOEING"": 0.827906976744186, ""#BROADCOM"": 0.8976744186046511, ""#CHEVRON"": 0.7480916030534351, ""#CISCO"": 0.8415841584158416, ""#CITIGROUP"": 0.896969696969697, ""#COINBASE"": 0.884514435695538, ""#COSTCO"": 0.9, ""#DISNEY"": 0.8616352201257862, ""#GOOGLE"": 0.9178082191780822, ""#HOMEDEPOT"": 0.8916256157635468, ""#INTEL"": 0.8755760368663594, ""#MASTERCARD"": 0.8589743589743589, ""#MCDONALDS"": 0.8893280632411067, ""#MERCK"": 0.8730964467005076, ""#META"": 0.8725490196078431, ""#MICROSOFT"": 0.8642857142857143, ""#NETFLIX"": 0.8154761904761905, ""#NIKE"": 0.8282828282828283, ""#NVIDIA"": 0.8205128205128205, ""#ORACLE"": 0.875, ""#PEPSICO"": 0.8840579710144928, ""#PFIZER"": 0.859504132231405, ""#PINDUODUO"": 0.8557046979865772, ""#QUALCOMM"": 0.8894009216589862, ""#SALESFORCE"": 0.9290322580645162, ""#SNAPCHAT"": 0.8687943262411347, ""#SONY"": 0.8602150537634409, ""#STARBUCKS"": 0.8360655737704918, ""#TAIWANSEMI"": 0.8387096774193549, ""#TARGET"": 0.8674242424242424, ""#TESLA"": 0.9109792284866469, ""#THERMOFISHER"": 0.9266666666666666, ""#UBER"": 0.8450704225352113, ""#VERIZON"": 0.8715596330275229, ""#VISA"": 0.8333333333333334, ""#ZOOM"": 0.9021739130434783, ""BRENT_OIL"": 0.8253968253968254, ""BTCUSD"": 0.9372093023255814, ""CHINA_A50"": 0.7771739130434783, ""CHINA_INTERNET"": 0.8685015290519877, ""EUROPE_50"": 0.9333333333333333, ""EURUSD"": 0.953125, ""FRANCE_40"": 0.9285714285714286, ""GBPUSD"": 0.9333333333333333, ""GER30"": 0.8690476190476191, ""GERMANY_TECH30"": 0.8295454545454546, ""HK_50"": 0.8977272727272727, ""ITALY_40"": 0.81, ""JP225"": 0.9, ""NATURAL_GAS"": 0.8847826086956522, ""SILVER"": 0.9024390243902439, ""SWISS_20"": 0.8910891089108911, ""UK_100"": 0.8230088495575221, ""USDJPY"": 1.0, ""USOIL"": 0.8356164383561644, ""US_30"": 0.7868852459016393, ""US_500"": 0.8888888888888888, ""US_TECH100"": 0.8115942028985508, ""XAUUSD"": 0.9}"
exp_h1_D1_-F_H1_-F_short_5_20260604_084640,"D1=-F,H1=-F",short,5,2071,90.9%,0.6313,19.13,27.22,4.0%,91.3,"{""2026"": 0.9092225977788508}","{""#ABBVIE"": 1.0, ""#ADOBE"": 0.8275862068965517, ""#AIRBNB"": 0.8636363636363636, ""#ALIBABA"": 0.8, ""#AMAZON"": 1.0, ""#AMD"": 0.8333333333333334, ""#BAIDU"": 1.0, ""#BERKSHIRE"": 0.7142857142857143, ""#BLACKROCK"": 1.0, ""#BOEING"": 1.0, ""#BROADCOM"": 0.6666666666666666, ""#CHEVRON"": 0.9090909090909091, ""#CISCO"": 0.8421052631578947, ""#CITIGROUP"": 0.8181818181818182, ""#COINBASE"": 0.92, ""#COSTCO"": 0.5714285714285714, ""#DISNEY"": 1.0, ""#GOOGLE"": 1.0, ""#HOMEDEPOT"": 0.8444444444444444, ""#MASTERCARD"": 1.0, ""#MCDONALDS"": 1.0, ""#META"": 1.0, ""#MICROSOFT"": 0.8909090909090909, ""#NETFLIX"": 0.9285714285714286, ""#NIKE"": 0.9655172413793104, ""#ORACLE"": 0.925, ""#PEPSICO"": 1.0, ""#PFIZER"": 0.8181818181818182, ""#QUALCOMM"": 0.9333333333333333, ""#SALESFORCE"": 0.8305084745762712, ""#SNAPCHAT"": 0.9090909090909091, ""#SONY"": 0.8285714285714286, ""#STARBUCKS"": 1.0, ""#TAIWANSEMI"": 0.7, ""#TARGET"": 1.0, ""#TESLA"": 1.0, ""#THERMOFISHER"": 0.9375, ""#UBER"": 0.96, ""#VERIZON"": 1.0, ""#VISA"": 0.6666666666666666, ""#ZOOM"": 1.0, ""BRENT_OIL"": 0.8936170212765957, ""CHINA_A50"": 0.9090909090909091, ""CHINA_INTERNET"": 0.925, ""EUROPE_50"": 0.88, ""EURUSD"": 0.975, ""FRANCE_40"": 0.9351851851851852, ""GBPUSD"": 0.9285714285714286, ""GER30"": 0.9032258064516129, ""GERMANY_TECH30"": 0.8909090909090909, ""HK_50"": 0.865979381443299, ""ITALY_40"": 0.9056603773584906, ""JP225"": 1.0, ""SILVER"": 1.0, ""SWISS_20"": 0.9380530973451328, ""UK_100"": 0.8879310344827587, ""USDJPY"": 0.8823529411764706, ""US_30"": 0.9886363636363636, ""US_500"": 1.0, ""XAUUSD"": 0.9666666666666667}"
exp_h1_D1_6_H1_2_long_5_20260604_083840,"D1=6,H1=2",long,5,196,90.8%,0.4009,13.72,19.59,4.7%,90.1,"{""2026"": 0.9081632653061225}","{""#APPLE"": 1.0, ""#BLACKROCK"": 1.0, ""#CHEVRON"": 1.0, ""#COINBASE"": 1.0, ""#GOOGLE"": 1.0, ""#HOMEDEPOT"": 1.0, ""#MERCK"": 1.0, ""#NVIDIA"": 1.0, ""#TARGET"": 1.0, ""#UBER"": 1.0, ""BRENT_OIL"": 0.0, ""BTCUSD"": 0.875, ""CHINA_A50"": 0.0, ""GERMANY_TECH30"": 1.0, ""ITALY_40"": 1.0, ""JP225"": 0.6666666666666666, ""NATURAL_GAS"": 1.0, ""SILVER"": 0.6666666666666666, ""SWISS_20"": 1.0, ""UK_100"": 0.8, ""USDJPY"": 0.9565217391304348, ""US_30"": 1.0, ""US_500"": 1.0, ""US_TECH100"": 0.8, ""XAUUSD"": 1.0}"
exp_h1_H4_-F_H1_-F_short_10_20260604_085135,"H4=-F,H1=-F",short,10,6376,82.9%,0.5097,12.22,19.63,3.3%,89.9,"{""2025"": 0.8352586639879458, ""2026"": 0.8262257696693273}","{""#ABBVIE"": 0.9017857142857143, ""#ADOBE"": 0.7580645161290323, ""#AIRBNB"": 0.7714285714285715, ""#ALIBABA"": 0.8289473684210527, ""#AMAZON"": 0.9452054794520548, ""#AMD"": 0.7228915662650602, ""#APPLE"": 0.7941176470588235, ""#BAIDU"": 0.8255813953488372, ""#BERKSHIRE"": 0.7714285714285715, ""#BLACKROCK"": 0.8269230769230769, ""#BOEING"": 0.9146341463414634, ""#BROADCOM"": 0.8958333333333334, ""#CHEVRON"": 0.8311688311688312, ""#CISCO"": 0.8153846153846154, ""#CITIGROUP"": 0.5888888888888889, ""#COINBASE"": 0.9130434782608695, ""#COSTCO"": 0.7674418604651163, ""#DISNEY"": 0.7142857142857143, ""#GOOGLE"": 0.9333333333333333, ""#HOMEDEPOT"": 0.7368421052631579, ""#INTEL"": 0.72, ""#MASTERCARD"": 0.7222222222222222, ""#MCDONALDS"": 0.967741935483871, ""#MERCK"": 0.8933333333333333, ""#META"": 0.8817204301075269, ""#MICROSOFT"": 0.8538461538461538, ""#NETFLIX"": 0.9195402298850575, ""#NIKE"": 0.8947368421052632, ""#NVIDIA"": 0.8235294117647058, ""#ORACLE"": 0.8785714285714286, ""#PEPSICO"": 0.925, ""#PFIZER"": 0.8620689655172413, ""#PINDUODUO"": 0.9577464788732394, ""#QUALCOMM"": 0.7894736842105263, ""#SALESFORCE"": 0.7746478873239436, ""#SNAPCHAT"": 0.8888888888888888, ""#SONY"": 0.6779661016949152, ""#STARBUCKS"": 0.7012987012987013, ""#TAIWANSEMI"": 0.686046511627907, ""#TARGET"": 0.7407407407407407, ""#TESLA"": 0.2857142857142857, ""#THERMOFISHER"": 0.9166666666666666, ""#UBER"": 0.8125, ""#VERIZON"": 0.8352941176470589, ""#VISA"": 0.7741935483870968, ""#ZOOM"": 0.9146341463414634, ""BRENT_OIL"": 0.7857142857142857, ""BTCUSD"": 1.0, ""CHINA_A50"": 0.9074074074074074, ""CHINA_INTERNET"": 0.7731958762886598, ""EUROPE_50"": 0.8313253012048193, ""EURUSD"": 0.8620689655172413, ""FRANCE_40"": 0.8604651162790697, ""GBPUSD"": 0.9042553191489362, ""GER30"": 0.782608695652174, ""GERMANY_TECH30"": 0.8313253012048193, ""HK_50"": 0.7661290322580645, ""ITALY_40"": 0.8693181818181818, ""JP225"": 0.8840579710144928, ""NATURAL_GAS"": 0.8, ""SILVER"": 0.8725490196078431, ""SWISS_20"": 0.8561151079136691, ""UK_100"": 0.7763157894736842, ""USDJPY"": 0.8468468468468469, ""USOIL"": 0.8378378378378378, ""US_30"": 0.8486842105263158, ""US_500"": 0.8153846153846154, ""US_TECH100"": 0.8432432432432433, ""XAUUSD"": 0.9183673469387755}"
exp_h1_H1_-E_short_10_20260604_084920,H1=-E,short,10,10001,81.9%,0.5043,11.46,18.96,4.7%,87.6,"{""2024"": 0.8413344182262001, ""2025"": 0.8336456381428274, ""2026"": 0.7944066515495087}","{""#ABBVIE"": 0.8353658536585366, ""#ADOBE"": 0.8461538461538461, ""#AIRBNB"": 0.8095238095238095, ""#ALIBABA"": 0.8375451263537906, ""#AMAZON"": 0.8620689655172413, ""#AMD"": 0.8411214953271028, ""#APPLE"": 0.7828947368421053, ""#BAIDU"": 0.7577319587628866, ""#BERKSHIRE"": 0.8121546961325967, ""#BLACKROCK"": 0.7553956834532374, ""#BOEING"": 0.7650273224043715, ""#BROADCOM"": 0.905511811023622, ""#CHEVRON"": 0.8064516129032258, ""#CISCO"": 0.7121212121212122, ""#CITIGROUP"": 0.7831325301204819, ""#COINBASE"": 0.8743455497382199, ""#COSTCO"": 0.8212290502793296, ""#DISNEY"": 0.78125, ""#GOOGLE"": 0.8208955223880597, ""#HOMEDEPOT"": 0.923728813559322, ""#INTEL"": 0.774390243902439, ""#MASTERCARD"": 0.8382352941176471, ""#MCDONALDS"": 0.8341968911917098, ""#MERCK"": 0.8681318681318682, ""#META"": 0.8607594936708861, ""#MICROSOFT"": 0.822429906542056, ""#NETFLIX"": 0.7155172413793104, ""#NIKE"": 0.8525345622119815, ""#NVIDIA"": 0.7386363636363636, ""#ORACLE"": 0.7941176470588235, ""#PEPSICO"": 0.9204545454545454, ""#PFIZER"": 0.8, ""#PINDUODUO"": 0.8020833333333334, ""#QUALCOMM"": 0.8068965517241379, ""#SALESFORCE"": 0.9180327868852459, ""#SNAPCHAT"": 0.8352272727272727, ""#SONY"": 0.8407960199004975, ""#STARBUCKS"": 0.7931034482758621, ""#TAIWANSEMI"": 0.7916666666666666, ""#TARGET"": 0.8, ""#TESLA"": 0.8554216867469879, ""#THERMOFISHER"": 0.8333333333333334, ""#UBER"": 0.8314606741573034, ""#VERIZON"": 0.86875, ""#VISA"": 0.8, ""#ZOOM"": 0.7911392405063291, ""BRENT_OIL"": 0.797979797979798, ""BTCUSD"": 0.8850574712643678, ""CHINA_A50"": 0.696078431372549, ""CHINA_INTERNET"": 0.8178571428571428, ""EUROPE_50"": 0.8924731182795699, ""EURUSD"": 0.8529411764705882, ""FRANCE_40"": 0.7073170731707317, ""GBPUSD"": 0.8347107438016529, ""GER30"": 0.8141592920353983, ""GERMANY_TECH30"": 0.7831325301204819, ""HK_50"": 0.75, ""ITALY_40"": 0.8181818181818182, ""JP225"": 0.8495575221238938, ""NATURAL_GAS"": 0.7142857142857143, ""SILVER"": 0.9302325581395349, ""SWISS_20"": 0.8558558558558559, ""UK_100"": 0.8737864077669902, ""USDJPY"": 0.8676470588235294, ""USOIL"": 0.8571428571428571, ""US_30"": 0.656441717791411, ""US_500"": 0.7575757575757576, ""US_TECH100"": 0.8245614035087719, ""XAUUSD"": 0.8187919463087249}"
exp_h1_multi_bear(3+)_short_5_20260604_090450,multi_bear(3+),short,5,87286,82.3%,0.4870,7.58,16.25,4.9%,87.3,"{""2024"": 0.8332946366380312, ""2025"": 0.8203405232196662, ""2026"": 0.8244695284093992}","{""#ABBVIE"": 0.8437259430331023, ""#ADOBE"": 0.828101644245142, ""#AIRBNB"": 0.8130081300813008, ""#ALIBABA"": 0.829066265060241, ""#AMAZON"": 0.8218623481781376, ""#AMD"": 0.8235779060181369, ""#APPLE"": 0.8089285714285714, ""#BAIDU"": 0.8173302107728337, ""#BERKSHIRE"": 0.8099112426035503, ""#BLACKROCK"": 0.8248631743549648, ""#BOEING"": 0.8026548672566372, ""#BROADCOM"": 0.8314606741573034, ""#CHEVRON"": 0.7954751131221719, ""#CISCO"": 0.7921077959576516, ""#CITIGROUP"": 0.7982608695652174, ""#COINBASE"": 0.838398813936249, ""#COSTCO"": 0.8262948207171315, ""#DISNEY"": 0.8253105590062112, ""#GOOGLE"": 0.8206039076376554, ""#HOMEDEPOT"": 0.8410689170182841, ""#INTEL"": 0.8379446640316206, ""#MASTERCARD"": 0.7950413223140496, ""#MCDONALDS"": 0.8248337028824834, ""#MERCK"": 0.8375286041189931, ""#META"": 0.827217125382263, ""#MICROSOFT"": 0.8153724247226625, ""#NETFLIX"": 0.8146067415730337, ""#NIKE"": 0.8364153627311522, ""#NVIDIA"": 0.8268059181897301, ""#ORACLE"": 0.8353383458646616, ""#PEPSICO"": 0.8516678495386799, ""#PFIZER"": 0.8264268960125097, ""#PINDUODUO"": 0.8173302107728337, ""#QUALCOMM"": 0.8211446740858506, ""#SALESFORCE"": 0.8542422044960116, ""#SNAPCHAT"": 0.8506944444444444, ""#SONY"": 0.8424068767908309, ""#STARBUCKS"": 0.8024291497975709, ""#TAIWANSEMI"": 0.8165529010238908, ""#TARGET"": 0.812199036918138, ""#TESLA"": 0.8314516129032258, ""#THERMOFISHER"": 0.8414985590778098, ""#UBER"": 0.8209069946195234, ""#VERIZON"": 0.8393543428132206, ""#VISA"": 0.7946963216424294, ""#ZOOM"": 0.8138977635782748, ""BRENT_OIL"": 0.7922824302134647, ""BTCUSD"": 0.8435225618631732, ""CHINA_A50"": 0.7940705128205128, ""CHINA_INTERNET"": 0.8313253012048193, ""EUROPE_50"": 0.8264729620661824, ""EURUSD"": 0.8483547925608012, ""FRANCE_40"": 0.8293983244478293, ""GBPUSD"": 0.8391238670694864, ""GER30"": 0.8238683127572016, ""GERMANY_TECH30"": 0.7967549103330487, ""HK_50"": 0.8277858176555717, ""ITALY_40"": 0.8028887000849617, ""JP225"": 0.831636648394675, ""NATURAL_GAS"": 0.8363228699551569, ""SILVER"": 0.8323886639676114, ""SWISS_20"": 0.818490245971162, ""UK_100"": 0.816006600660066, ""USDJPY"": 0.7838328792007266, ""USOIL"": 0.8025579536370904, ""US_30"": 0.8138597904915391, ""US_500"": 0.8264462809917356, ""US_TECH100"": 0.8095238095238095, ""XAUUSD"": 0.845565749235474}"
exp_h1_H1 trend-_short_5_20260604_091616,H1 trend-,short,5,87286,82.3%,0.4870,7.58,16.25,4.9%,87.3,"{""2024"": 0.8332946366380312, ""2025"": 0.8203405232196662, ""2026"": 0.8244695284093992}","{""#ABBVIE"": 0.8437259430331023, ""#ADOBE"": 0.828101644245142, ""#AIRBNB"": 0.8130081300813008, ""#ALIBABA"": 0.829066265060241, ""#AMAZON"": 0.8218623481781376, ""#AMD"": 0.8235779060181369, ""#APPLE"": 0.8089285714285714, ""#BAIDU"": 0.8173302107728337, ""#BERKSHIRE"": 0.8099112426035503, ""#BLACKROCK"": 0.8248631743549648, ""#BOEING"": 0.8026548672566372, ""#BROADCOM"": 0.8314606741573034, ""#CHEVRON"": 0.7954751131221719, ""#CISCO"": 0.7921077959576516, ""#CITIGROUP"": 0.7982608695652174, ""#COINBASE"": 0.838398813936249, ""#COSTCO"": 0.8262948207171315, ""#DISNEY"": 0.8253105590062112, ""#GOOGLE"": 0.8206039076376554, ""#HOMEDEPOT"": 0.8410689170182841, ""#INTEL"": 0.8379446640316206, ""#MASTERCARD"": 0.7950413223140496, ""#MCDONALDS"": 0.8248337028824834, ""#MERCK"": 0.8375286041189931, ""#META"": 0.827217125382263, ""#MICROSOFT"": 0.8153724247226625, ""#NETFLIX"": 0.8146067415730337, ""#NIKE"": 0.8364153627311522, ""#NVIDIA"": 0.8268059181897301, ""#ORACLE"": 0.8353383458646616, ""#PEPSICO"": 0.8516678495386799, ""#PFIZER"": 0.8264268960125097, ""#PINDUODUO"": 0.8173302107728337, ""#QUALCOMM"": 0.8211446740858506, ""#SALESFORCE"": 0.8542422044960116, ""#SNAPCHAT"": 0.8506944444444444, ""#SONY"": 0.8424068767908309, ""#STARBUCKS"": 0.8024291497975709, ""#TAIWANSEMI"": 0.8165529010238908, ""#TARGET"": 0.812199036918138, ""#TESLA"": 0.8314516129032258, ""#THERMOFISHER"": 0.8414985590778098, ""#UBER"": 0.8209069946195234, ""#VERIZON"": 0.8393543428132206, ""#VISA"": 0.7946963216424294, ""#ZOOM"": 0.8138977635782748, ""BRENT_OIL"": 0.7922824302134647, ""BTCUSD"": 0.8435225618631732, ""CHINA_A50"": 0.7940705128205128, ""CHINA_INTERNET"": 0.8313253012048193, ""EUROPE_50"": 0.8264729620661824, ""EURUSD"": 0.8483547925608012, ""FRANCE_40"": 0.8293983244478293, ""GBPUSD"": 0.8391238670694864, ""GER30"": 0.8238683127572016, ""GERMANY_TECH30"": 0.7967549103330487, ""HK_50"": 0.8277858176555717, ""ITALY_40"": 0.8028887000849617, ""JP225"": 0.831636648394675, ""NATURAL_GAS"": 0.8363228699551569, ""SILVER"": 0.8323886639676114, ""SWISS_20"": 0.818490245971162, ""UK_100"": 0.816006600660066, ""USDJPY"": 0.7838328792007266, ""USOIL"": 0.8025579536370904, ""US_30"": 0.8138597904915391, ""US_500"": 0.8264462809917356, ""US_TECH100"": 0.8095238095238095, ""XAUUSD"": 0.845565749235474}"
exp_h1_D1_-E_H1_-6_short_10_20260604_084454,"D1=-E,H1=-6",short,10,372,81.5%,0.4814,8.41,17.03,5.0%,87.0,"{""2026"": 0.8145161290322581}","{""#ADOBE"": 1.0, ""#ALIBABA"": 1.0, ""#APPLE"": 1.0, ""#BAIDU"": 0.6666666666666666, ""#BERKSHIRE"": 1.0, ""#BROADCOM"": 1.0, ""#MCDONALDS"": 0.75, ""#MERCK"": 0.8, ""#META"": 0.6, ""#NETFLIX"": 0.0, ""#NIKE"": 0.8181818181818182, ""#NVIDIA"": 0.9230769230769231, ""#PFIZER"": 0.7, ""#PINDUODUO"": 0.75, ""#QUALCOMM"": 0.9473684210526315, ""#SALESFORCE"": 1.0, ""#SNAPCHAT"": 0.7272727272727273, ""#SONY"": 1.0, ""#TESLA"": 0.8, ""#THERMOFISHER"": 0.0, ""#ZOOM"": 1.0, ""BRENT_OIL"": 0.0, ""BTCUSD"": 0.8367346938775511, ""CHINA_A50"": 0.625, ""CHINA_INTERNET"": 0.8181818181818182, ""EURUSD"": 1.0, ""GBPUSD"": 0.6363636363636364, ""NATURAL_GAS"": 0.7640449438202247, ""SILVER"": 1.0, ""SWISS_20"": 1.0, ""USDJPY"": 1.0, ""USOIL"": 1.0, ""US_30"": 0.0, ""US_TECH100"": 1.0, ""XAUUSD"": 0.6666666666666666}"
exp_h1_D1_-F_H4_-F_H1_-F_short_10_20260604_091949,"D1=-F,H4=-F,H1=-F",short,10,1326,80.5%,0.4909,9.52,17.71,6.6%,84.2,"{""2026"": 0.8054298642533937}","{""#ABBVIE"": 0.9166666666666666, ""#ADOBE"": 0.6744186046511628, ""#AIRBNB"": 1.0, ""#ALIBABA"": 0.5714285714285714, ""#AMAZON"": 1.0, ""#AMD"": 0.6666666666666666, ""#BAIDU"": 1.0, ""#BERKSHIRE"": 0.3333333333333333, ""#BLACKROCK"": 1.0, ""#BOEING"": 1.0, ""#CHEVRON"": 1.0, ""#CISCO"": 0.3333333333333333, ""#CITIGROUP"": 0.6666666666666666, ""#COINBASE"": 0.8, ""#COSTCO"": 0.25, ""#DISNEY"": 1.0, ""#GOOGLE"": 1.0, ""#HOMEDEPOT"": 0.6052631578947368, ""#MASTERCARD"": 1.0, ""#MCDONALDS"": 1.0, ""#META"": 1.0, ""#MICROSOFT"": 0.8055555555555556, ""#NETFLIX"": 0.8, ""#NIKE"": 0.9629629629629629, ""#ORACLE"": 0.9473684210526315, ""#PEPSICO"": 1.0, ""#PFIZER"": 1.0, ""#QUALCOMM"": 0.9, ""#SALESFORCE"": 0.66, ""#SNAPCHAT"": 0.7631578947368421, ""#SONY"": 1.0, ""#STARBUCKS"": 1.0, ""#TAIWANSEMI"": 0.3684210526315789, ""#TARGET"": 0.0, ""#THERMOFISHER"": 0.8260869565217391, ""#UBER"": 1.0, ""#VERIZON"": 0.9090909090909091, ""#VISA"": 0.5, ""#ZOOM"": 0.9090909090909091, ""BRENT_OIL"": 0.7241379310344828, ""CHINA_A50"": 0.8888888888888888, ""CHINA_INTERNET"": 0.782608695652174, ""EUROPE_50"": 0.7671232876712328, ""EURUSD"": 0.8181818181818182, ""FRANCE_40"": 0.78125, ""GBPUSD"": 1.0, ""GER30"": 0.775, ""GERMANY_TECH30"": 0.90625, ""HK_50"": 0.75, ""ITALY_40"": 0.64, ""JP225"": 1.0, ""SWISS_20"": 0.891566265060241, ""UK_100"": 0.8142857142857143, ""USDJPY"": 0.75, ""US_30"": 0.873015873015873, ""US_500"": 0.75, ""XAUUSD"": 0.9047619047619048}"
exp_h1_H1_-6_short_10_20260604_084811,H1=-6,short,10,12523,77.1%,0.4285,6.69,14.47,7.2%,82.3,"{""2024"": 0.7863935625457206, ""2025"": 0.7691011235955056, ""2026"": 0.7678394449950446}","{""#ABBVIE"": 0.7748344370860927, ""#ADOBE"": 0.7878787878787878, ""#AIRBNB"": 0.7878787878787878, ""#ALIBABA"": 0.7946428571428571, ""#AMAZON"": 0.7736842105263158, ""#AMD"": 0.7950310559006211, ""#APPLE"": 0.7239263803680982, ""#BAIDU"": 0.712, ""#BERKSHIRE"": 0.8304347826086956, ""#BLACKROCK"": 0.7171717171717171, ""#BOEING"": 0.6509433962264151, ""#BROADCOM"": 0.8186046511627907, ""#CHEVRON"": 0.5572519083969466, ""#CISCO"": 0.7623762376237624, ""#CITIGROUP"": 0.7636363636363637, ""#COINBASE"": 0.8162729658792651, ""#COSTCO"": 0.7565217391304347, ""#DISNEY"": 0.8050314465408805, ""#GOOGLE"": 0.8493150684931506, ""#HOMEDEPOT"": 0.7860696517412935, ""#INTEL"": 0.7649769585253456, ""#MASTERCARD"": 0.7692307692307693, ""#MCDONALDS"": 0.8379446640316206, ""#MERCK"": 0.7766497461928934, ""#META"": 0.7794117647058824, ""#MICROSOFT"": 0.75, ""#NETFLIX"": 0.7380952380952381, ""#NIKE"": 0.7171717171717171, ""#NVIDIA"": 0.7307692307692307, ""#ORACLE"": 0.7638888888888888, ""#PEPSICO"": 0.782608695652174, ""#PFIZER"": 0.7405857740585774, ""#PINDUODUO"": 0.7214765100671141, ""#QUALCOMM"": 0.7926267281105991, ""#SALESFORCE"": 0.8516129032258064, ""#SNAPCHAT"": 0.7872340425531915, ""#SONY"": 0.7741935483870968, ""#STARBUCKS"": 0.726775956284153, ""#TAIWANSEMI"": 0.7311827956989247, ""#TARGET"": 0.7613636363636364, ""#TESLA"": 0.8273809523809523, ""#THERMOFISHER"": 0.8666666666666667, ""#UBER"": 0.7089201877934272, ""#VERIZON"": 0.7155963302752294, ""#VISA"": 0.7083333333333334, ""#ZOOM"": 0.8315217391304348, ""BRENT_OIL"": 0.7301587301587301, ""BTCUSD"": 0.8883720930232558, ""CHINA_A50"": 0.6684782608695652, ""CHINA_INTERNET"": 0.7125382262996942, ""EUROPE_50"": 0.8333333333333334, ""EURUSD"": 0.921875, ""FRANCE_40"": 0.7664233576642335, ""GBPUSD"": 0.8, ""GER30"": 0.7023809523809523, ""GERMANY_TECH30"": 0.6931818181818182, ""HK_50"": 0.7528735632183908, ""ITALY_40"": 0.7040816326530612, ""JP225"": 0.7785714285714286, ""NATURAL_GAS"": 0.7739130434782608, ""SILVER"": 0.825, ""SWISS_20"": 0.8316831683168316, ""UK_100"": 0.7927927927927928, ""USDJPY"": 0.7777777777777778, ""USOIL"": 0.6986301369863014, ""US_30"": 0.6639344262295082, ""US_500"": 0.85, ""US_TECH100"": 0.7536231884057971, ""XAUUSD"": 0.779874213836478}"
exp_h1_D1_6_H1_2_long_10_20260604_083844,"D1=6,H1=2",long,10,196,80.6%,0.3361,6.81,13.78,7.9%,82.3,"{""2026"": 0.8061224489795918}","{""#APPLE"": 1.0, ""#BLACKROCK"": 1.0, ""#CHEVRON"": 1.0, ""#COINBASE"": 1.0, ""#GOOGLE"": 1.0, ""#HOMEDEPOT"": 0.0, ""#MERCK"": 1.0, ""#NVIDIA"": 1.0, ""#TARGET"": 1.0, ""#UBER"": 1.0, ""BRENT_OIL"": 0.0, ""BTCUSD"": 0.8333333333333334, ""CHINA_A50"": 1.0, ""GERMANY_TECH30"": 1.0, ""ITALY_40"": 1.0, ""JP225"": 0.4444444444444444, ""NATURAL_GAS"": 1.0, ""SILVER"": 0.6666666666666666, ""SWISS_20"": 1.0, ""UK_100"": 0.4, ""USDJPY"": 0.8260869565217391, ""US_30"": 0.75, ""US_500"": 0.7272727272727273, ""US_TECH100"": 0.4, ""XAUUSD"": 0.3333333333333333}"
exp_h1_D1+H4+H1 squeeze_long_5_20260604_085544,D1+H4+H1 squeeze,long,5,9362,79.0%,0.4101,5.94,13.47,8.7%,80.7,"{""2026"": 0.7901089510788293}","{""#ABBVIE"": 0.9310344827586207, ""#ADOBE"": 0.896551724137931, ""#AIRBNB"": 0.8018867924528302, ""#ALIBABA"": 0.6213592233009708, ""#AMAZON"": 0.7950819672131147, ""#AMD"": 0.8706896551724138, ""#APPLE"": 0.7966101694915254, ""#BAIDU"": 0.6829268292682927, ""#BERKSHIRE"": 0.6415094339622641, ""#BLACKROCK"": 0.8125, ""#BOEING"": 0.7023809523809523, ""#BROADCOM"": 0.7480314960629921, ""#CHEVRON"": 0.759493670886076, ""#CISCO"": 0.9318181818181818, ""#CITIGROUP"": 0.8758620689655172, ""#COINBASE"": 0.6727272727272727, ""#COSTCO"": 0.8, ""#DISNEY"": 0.6333333333333333, ""#GOOGLE"": 0.7419354838709677, ""#HOMEDEPOT"": 0.7391304347826086, ""#INTEL"": 0.8181818181818182, ""#MASTERCARD"": 0.6964285714285714, ""#MCDONALDS"": 0.7631578947368421, ""#MERCK"": 0.7211538461538461, ""#META"": 0.8526315789473684, ""#MICROSOFT"": 0.7058823529411765, ""#NETFLIX"": 0.75, ""#NIKE"": 0.7962962962962963, ""#NVIDIA"": 0.8125, ""#ORACLE"": 0.8909090909090909, ""#PEPSICO"": 0.8020833333333334, ""#PFIZER"": 0.719626168224299, ""#PINDUODUO"": 0.7398373983739838, ""#QUALCOMM"": 0.78125, ""#SALESFORCE"": 0.54, ""#SNAPCHAT"": 0.6666666666666666, ""#SONY"": 0.71875, ""#STARBUCKS"": 0.7052631578947368, ""#TAIWANSEMI"": 0.85, ""#TARGET"": 0.8076923076923077, ""#TESLA"": 0.7346938775510204, ""#THERMOFISHER"": 0.8, ""#UBER"": 0.6, ""#VERIZON"": 0.7951807228915663, ""#VISA"": 0.8023255813953488, ""#ZOOM"": 0.6923076923076923, ""BRENT_OIL"": 0.7256637168141593, ""BTCUSD"": 0.8328611898016998, ""CHINA_A50"": 0.8531746031746031, ""CHINA_INTERNET"": 0.5681818181818182, ""EUROPE_50"": 0.8125, ""EURUSD"": 0.7443946188340808, ""FRANCE_40"": 0.8235294117647058, ""GBPUSD"": 0.7442748091603053, ""GER30"": 0.8214285714285714, ""GERMANY_TECH30"": 0.8222222222222222, ""HK_50"": 0.7346938775510204, ""ITALY_40"": 0.8070175438596491, ""JP225"": 0.832258064516129, ""NATURAL_GAS"": 0.8333333333333334, ""SILVER"": 0.8008565310492506, ""SWISS_20"": 0.8068181818181818, ""UK_100"": 0.6666666666666666, ""USDJPY"": 0.8373983739837398, ""USOIL"": 0.8032786885245902, ""US_30"": 0.8933823529411765, ""US_500"": 0.84, ""US_TECH100"": 0.8493150684931506, ""XAUUSD"": 0.7133550488599348}"
exp_h1_D1_8_H4_8_H1_-F_short_20_20260604_092033,"D1=8,H4=8,H1=-F",short,20,5171,73.3%,0.2871,4.92,10.78,9.4%,77.5,"{""2024"": 0.7298850574712644, ""2025"": 0.7333126358273828, ""2026"": 0.9166666666666666}","{""#ABBVIE"": 0.8478260869565217, ""#ADOBE"": 0.8987341772151899, ""#AIRBNB"": 0.8347107438016529, ""#ALIBABA"": 0.7608695652173914, ""#AMAZON"": 0.625, ""#AMD"": 0.6888888888888889, ""#APPLE"": 0.6694915254237288, ""#BAIDU"": 0.3793103448275862, ""#BERKSHIRE"": 0.782608695652174, ""#BLACKROCK"": 0.7741935483870968, ""#BOEING"": 0.7735849056603774, ""#BROADCOM"": 0.673469387755102, ""#CHEVRON"": 0.6124031007751938, ""#CISCO"": 0.7083333333333334, ""#CITIGROUP"": 0.7530864197530864, ""#COINBASE"": 0.6865671641791045, ""#COSTCO"": 0.696969696969697, ""#DISNEY"": 0.8271604938271605, ""#GOOGLE"": 0.7924528301886793, ""#HOMEDEPOT"": 0.7567567567567568, ""#INTEL"": 0.7345132743362832, ""#MASTERCARD"": 0.9230769230769231, ""#MCDONALDS"": 0.6612903225806451, ""#MERCK"": 0.696078431372549, ""#META"": 0.7207207207207207, ""#MICROSOFT"": 0.7967479674796748, ""#NETFLIX"": 0.6634615384615384, ""#NIKE"": 0.7297297297297297, ""#NVIDIA"": 0.6842105263157895, ""#ORACLE"": 0.8134328358208955, ""#PEPSICO"": 0.6991150442477876, ""#PFIZER"": 0.6901408450704225, ""#PINDUODUO"": 0.7241379310344828, ""#QUALCOMM"": 0.6804123711340206, ""#SALESFORCE"": 0.9007633587786259, ""#SNAPCHAT"": 0.7, ""#SONY"": 0.7333333333333333, ""#STARBUCKS"": 0.8181818181818182, ""#TAIWANSEMI"": 0.6363636363636364, ""#TARGET"": 0.7888888888888889, ""#TESLA"": 0.71, ""#THERMOFISHER"": 0.7888888888888889, ""#UBER"": 0.6595744680851063, ""#VERIZON"": 0.7111111111111111, ""#VISA"": 0.8412698412698413, ""#ZOOM"": 0.7837837837837838, ""BRENT_OIL"": 0.65, ""BTCUSD"": 0.96, ""CHINA_A50"": 0.8333333333333334, ""CHINA_INTERNET"": 0.5573770491803278, ""EUROPE_50"": 0.8222222222222222, ""EURUSD"": 1.0, ""FRANCE_40"": 0.4647887323943662, ""GBPUSD"": 0.6666666666666666, ""GER30"": 0.8703703703703703, ""GERMANY_TECH30"": 0.9166666666666666, ""HK_50"": 0.7758620689655172, ""ITALY_40"": 0.75, ""JP225"": 0.9, ""NATURAL_GAS"": 0.7575757575757576, ""SILVER"": 0.5882352941176471, ""SWISS_20"": 0.7368421052631579, ""UK_100"": 0.9393939393939394, ""USDJPY"": 0.8571428571428571, ""USOIL"": 0.6333333333333333, ""US_30"": 0.5952380952380952, ""US_500"": 0.5862068965517241, ""US_TECH100"": 0.5142857142857142, ""XAUUSD"": 0.6923076923076923}"
exp_h1_H1_-F_short_20_20260604_085045,H1=-F,short,20,21624,71.1%,0.2523,4.05,9.39,9.4%,72.5,"{""2024"": 0.7298850574712644, ""2025"": 0.7215891270256142, ""2026"": 0.6970921636274027}","{""#ABBVIE"": 0.799373040752351, ""#ADOBE"": 0.7386363636363636, ""#AIRBNB"": 0.7267080745341615, ""#ALIBABA"": 0.7288135593220338, ""#AMAZON"": 0.68561872909699, ""#AMD"": 0.6589147286821705, ""#APPLE"": 0.6445182724252492, ""#BAIDU"": 0.6435331230283912, ""#BERKSHIRE"": 0.6682027649769585, ""#BLACKROCK"": 0.6717791411042945, ""#BOEING"": 0.8027522935779816, ""#BROADCOM"": 0.6920289855072463, ""#CHEVRON"": 0.6531165311653117, ""#CISCO"": 0.6764705882352942, ""#CITIGROUP"": 0.5759717314487632, ""#COINBASE"": 0.7254901960784313, ""#COSTCO"": 0.7180451127819549, ""#DISNEY"": 0.6794871794871795, ""#GOOGLE"": 0.7251908396946565, ""#HOMEDEPOT"": 0.6927899686520376, ""#INTEL"": 0.7104377104377104, ""#MASTERCARD"": 0.7212713936430318, ""#MCDONALDS"": 0.7397260273972602, ""#MERCK"": 0.7474747474747475, ""#META"": 0.7590361445783133, ""#MICROSOFT"": 0.7743467933491687, ""#NETFLIX"": 0.7183098591549296, ""#NIKE"": 0.7690140845070422, ""#NVIDIA"": 0.7515527950310559, ""#ORACLE"": 0.7777777777777778, ""#PEPSICO"": 0.7630853994490359, ""#PFIZER"": 0.6585365853658537, ""#PINDUODUO"": 0.8051948051948052, ""#QUALCOMM"": 0.7287581699346405, ""#SALESFORCE"": 0.7473233404710921, ""#SNAPCHAT"": 0.7884057971014493, ""#SONY"": 0.7417417417417418, ""#STARBUCKS"": 0.6941896024464832, ""#TAIWANSEMI"": 0.5822368421052632, ""#TARGET"": 0.6859205776173285, ""#TESLA"": 0.631578947368421, ""#THERMOFISHER"": 0.7757255936675461, ""#UBER"": 0.6626506024096386, ""#VERIZON"": 0.6666666666666666, ""#VISA"": 0.696165191740413, ""#ZOOM"": 0.7788778877887789, ""BRENT_OIL"": 0.6666666666666666, ""BTCUSD"": 0.746268656716418, ""CHINA_A50"": 0.753731343283582, ""CHINA_INTERNET"": 0.6566523605150214, ""EUROPE_50"": 0.6864608076009501, ""EURUSD"": 0.7563025210084033, ""FRANCE_40"": 0.6459770114942529, ""GBPUSD"": 0.7923076923076923, ""GER30"": 0.7126168224299065, ""GERMANY_TECH30"": 0.7168141592920354, ""HK_50"": 0.7643504531722054, ""ITALY_40"": 0.6831683168316832, ""JP225"": 0.6475644699140402, ""NATURAL_GAS"": 0.7300884955752213, ""SILVER"": 0.7167832167832168, ""SWISS_20"": 0.6873065015479877, ""UK_100"": 0.6578249336870027, ""USDJPY"": 0.762114537444934, ""USOIL"": 0.7067039106145251, ""US_30"": 0.6570605187319885, ""US_500"": 0.6666666666666666, ""US_TECH100"": 0.6685393258426966, ""XAUUSD"": 0.8015267175572519}"
exp_h1_D1+H4+H1 squeeze_long_10_20260604_085554,D1+H4+H1 squeeze,long,10,9327,69.7%,0.2938,3.73,9.45,9.5%,70.4,"{""2026"": 0.6974375469068297}","{""#ABBVIE"": 0.9137931034482759, ""#ADOBE"": 0.896551724137931, ""#AIRBNB"": 0.7087378640776699, ""#ALIBABA"": 0.5686274509803921, ""#AMAZON"": 0.7704918032786885, ""#AMD"": 0.8103448275862069, ""#APPLE"": 0.711864406779661, ""#BAIDU"": 0.6341463414634146, ""#BERKSHIRE"": 0.39622641509433965, ""#BLACKROCK"": 0.6458333333333334, ""#BOEING"": 0.5476190476190477, ""#BROADCOM"": 0.6220472440944882, ""#CHEVRON"": 0.7368421052631579, ""#CISCO"": 0.8181818181818182, ""#CITIGROUP"": 0.7857142857142857, ""#COINBASE"": 0.5454545454545454, ""#COSTCO"": 0.6909090909090909, ""#DISNEY"": 0.5111111111111111, ""#GOOGLE"": 0.6344086021505376, ""#HOMEDEPOT"": 0.5362318840579711, ""#INTEL"": 0.6590909090909091, ""#MASTERCARD"": 0.5963302752293578, ""#MCDONALDS"": 0.6710526315789473, ""#MERCK"": 0.625, ""#META"": 0.7263157894736842, ""#MICROSOFT"": 0.6176470588235294, ""#NETFLIX"": 0.6557377049180327, ""#NIKE"": 0.6666666666666666, ""#NVIDIA"": 0.7053571428571429, ""#ORACLE"": 0.7636363636363637, ""#PEPSICO"": 0.7395833333333334, ""#PFIZER"": 0.6355140186915887, ""#PINDUODUO"": 0.6097560975609756, ""#QUALCOMM"": 0.71875, ""#SALESFORCE"": 0.34, ""#SNAPCHAT"": 0.5106382978723404, ""#SONY"": 0.53125, ""#STARBUCKS"": 0.6, ""#TAIWANSEMI"": 0.75, ""#TARGET"": 0.7, ""#TESLA"": 0.5510204081632653, ""#THERMOFISHER"": 0.62, ""#UBER"": 0.4731182795698925, ""#VERIZON"": 0.6875, ""#VISA"": 0.686046511627907, ""#ZOOM"": 0.6538461538461539, ""BRENT_OIL"": 0.672566371681416, ""BTCUSD"": 0.7818696883852692, ""CHINA_A50"": 0.8095238095238095, ""CHINA_INTERNET"": 0.5454545454545454, ""EUROPE_50"": 0.8043478260869565, ""EURUSD"": 0.6143497757847534, ""FRANCE_40"": 0.6470588235294118, ""GBPUSD"": 0.6526717557251909, ""GER30"": 0.7602040816326531, ""GERMANY_TECH30"": 0.7166666666666667, ""HK_50"": 0.5969387755102041, ""ITALY_40"": 0.7543859649122807, ""JP225"": 0.7631578947368421, ""NATURAL_GAS"": 0.7790262172284644, ""SILVER"": 0.7173447537473233, ""SWISS_20"": 0.7613636363636364, ""UK_100"": 0.6336633663366337, ""USDJPY"": 0.7475409836065574, ""USOIL"": 0.6885245901639344, ""US_30"": 0.7941176470588235, ""US_500"": 0.7454545454545455, ""US_TECH100"": 0.7397260273972602, ""XAUUSD"": 0.5863192182410424}"
